age,gender,parent_education,family_income,degree_of_hearing_loss,age_of_onset,assistive_device,sign_language_proficiency,lip_reading_skill,attendance_rate,study_hours,previous_gpa,math_score,science_score,language_score,teacher_support,peer_support,learning_resources,motivation_level,stress_level,performance_class
18,0,3,4,1,2,0,4,3,85,5,8.58,41,66,58,1,1,2,5,2,C
19,0,2,2,1,5,0,3,2,73,2,6.85,92,58,78,3,3,3,2,1,B
17,0,0,1,1,2,0,4,4,75,2,7.12,57,48,62,4,2,4,3,4,B
17,0,1,4,1,1,1,4,2,69,2,7.82,65,98,75,5,2,1,4,5,B
18,0,3,2,1,3,0,1,1,90,3,9.75,92,90,81,5,5,4,5,1,C
16,1,1,4,2,4,0,1,3,90,5,5.54,81,88,71,5,2,4,3,3,A
17,0,3,1,1,9,0,2,2,95,1,5.16,70,52,84,1,3,1,5,1,A
16,1,3,2,1,8,1,3,2,69,2,8.04,77,41,43,5,1,3,4,1,A
20,1,3,2,2,2,1,1,1,85,5,9.75,95,75,69,2,1,5,1,5,C
18,1,0,2,2,2,1,3,5,79,1,9.95,61,68,90,3,1,4,1,5,B
21,0,0,4,1,5,1,3,3,68,3,7.42,75,50,81,4,3,3,1,2,B
16,1,0,4,1,4,1,5,2,74,4,7.34,58,73,78,3,5,5,4,1,C
20,0,3,1,1,5,0,3,3,68,1,8.22,53,43,44,2,3,4,2,1,C
16,1,3,3,3,6,1,5,5,66,1,7.78,53,43,42,2,2,3,4,5,C
16,0,1,2,3,2,1,2,2,85,1,8.17,89,91,61,3,4,4,4,3,A
17,1,2,2,1,4,0,2,1,83,4,9.37,68,40,67,1,4,3,3,5,C
15,0,0,1,2,7,0,2,3,71,2,8.73,56,64,61,2,4,2,1,3,B
19,1,3,2,1,3,0,5,1,79,4,7.48,89,65,61,5,1,2,5,5,A
16,1,1,4,2,9,1,5,5,73,1,7.31,89,50,73,4,3,1,2,4,B
16,1,1,4,2,1,0,2,5,81,3,8.2,76,62,68,4,3,5,5,1,B
16,1,1,2,2,3,1,5,3,75,1,7.28,48,41,82,2,1,4,3,3,A
15,0,0,2,1,1,0,4,5,88,3,7.29,40,58,81,5,2,4,3,4,B
20,0,0,4,1,2,1,4,4,91,5,5.08,43,68,99,3,4,3,2,3,C
21,0,2,2,2,3,1,5,3,78,3,5.87,97,79,94,4,4,5,5,2,B
21,1,1,4,3,3,1,5,4,94,1,7.44,46,94,52,5,1,4,2,2,B
18,1,0,3,3,9,1,1,5,91,4,9.11,50,91,46,5,4,5,2,1,B
17,1,1,3,3,8,0,1,3,79,1,6.39,53,43,49,1,5,5,1,4,C
15,1,3,2,2,9,0,3,4,99,1,7.61,81,96,67,2,3,2,5,4,A
20,1,1,2,1,5,1,3,5,79,5,6.72,58,55,43,5,4,4,1,2,B
16,1,2,2,2,8,0,3,2,67,2,5.52,79,86,98,3,4,4,1,1,A
20,0,0,4,3,3,1,2,2,94,1,9.79,42,76,71,4,5,1,1,2,C
15,0,3,3,1,8,0,4,1,72,5,9.27,47,66,61,1,2,5,4,4,A
15,0,0,3,2,8,0,2,2,65,4,5.39,68,44,59,3,2,3,3,3,B
15,0,3,1,2,5,1,5,4,75,5,8.6,89,54,87,4,5,2,3,4,B
18,0,1,1,3,4,1,1,2,64,5,6.74,76,62,59,2,2,1,4,1,C
19,0,1,2,2,2,0,5,3,93,3,9.97,91,88,45,3,1,2,2,4,A
17,0,2,4,1,4,1,5,3,65,2,6.51,82,42,48,4,5,3,5,5,B
18,0,2,2,3,2,0,1,3,92,2,6.19,48,57,67,1,3,1,5,4,A
18,1,3,3,3,4,0,5,2,74,4,7.84,58,82,52,4,3,2,5,5,C
19,1,2,2,1,4,0,3,2,74,5,9.18,51,65,70,5,3,3,1,2,B
18,1,2,2,3,1,1,1,1,73,4,5.96,66,45,78,1,4,1,5,5,B
15,1,2,3,2,8,1,5,5,98,4,8.55,76,98,89,3,5,3,5,4,B
15,1,2,3,2,6,0,3,1,64,2,5.31,87,83,53,2,5,1,5,4,B
20,1,1,3,3,5,1,3,4,85,2,9.59,97,93,61,1,2,4,3,4,A
16,1,2,3,1,4,1,4,3,76,2,5.41,64,97,76,1,5,4,4,1,B
18,0,1,1,2,3,0,3,2,75,1,9.57,84,56,93,1,5,2,2,2,C
16,0,1,4,1,7,1,2,5,94,5,7.45,77,85,84,4,2,5,4,5,B
17,1,0,4,2,1,1,1,5,97,4,7.24,87,77,63,5,5,5,5,3,C
21,0,1,3,2,7,0,1,2,82,5,9.87,89,81,47,2,5,3,2,5,A
15,0,1,4,3,0,1,1,1,72,4,9.95,56,87,54,2,1,1,2,4,C
20,0,2,4,3,9,0,5,5,92,4,8.25,83,89,90,5,2,4,4,3,B
17,0,1,4,1,0,1,5,1,88,4,5.64,98,66,80,4,1,5,4,3,B
20,0,3,4,3,2,1,2,2,93,4,7.53,72,59,45,4,4,4,4,5,B
21,1,2,3,2,4,0,3,1,93,3,7.65,78,45,62,5,2,3,4,5,C
21,0,2,2,2,5,0,5,3,86,3,7.57,53,90,64,5,5,3,1,5,C
19,1,2,2,1,3,1,3,2,74,1,7.85,67,74,70,3,5,1,3,5,B
15,1,0,2,1,6,0,3,2,68,2,5.09,57,51,85,4,1,5,3,2,B
17,1,2,1,2,6,0,5,5,85,4,8.56,94,87,68,1,1,3,5,1,A
19,0,1,4,3,1,1,5,5,62,5,8.56,72,42,62,2,4,3,1,1,B
21,1,3,3,3,1,0,2,5,95,3,5.58,91,87,49,4,4,4,2,5,B
17,1,2,3,1,1,1,4,3,64,2,7.85,81,43,48,5,5,2,4,1,B
20,1,2,1,1,1,1,1,3,79,1,7.84,54,96,88,1,3,5,5,5,B
19,1,3,3,2,8,0,5,4,79,2,8.41,50,91,52,3,4,1,2,5,C
19,0,2,2,2,4,1,5,2,64,4,5.43,75,84,71,3,5,1,3,5,C
15,1,0,1,1,7,0,3,5,69,2,8.13,54,43,88,1,4,4,2,2,A
16,1,1,3,2,4,1,4,2,75,4,6.4,92,43,90,1,2,1,4,4,C
20,1,3,1,1,4,0,5,1,84,3,7.54,87,78,84,5,1,3,4,1,A
20,1,3,1,1,0,0,4,3,84,3,8.87,69,60,80,5,5,5,3,1,C
19,0,0,3,3,5,1,1,4,89,4,8.53,97,83,40,2,4,1,4,2,A
19,1,1,2,1,3,0,3,1,73,5,5.59,54,41,40,2,1,5,1,2,C
15,1,0,3,2,2,0,2,2,81,3,7.96,88,55,76,3,3,1,5,5,B
16,1,1,4,3,5,0,1,3,87,5,9.85,62,46,79,1,4,2,3,5,B
20,1,0,4,3,1,1,4,5,89,4,5.78,82,58,57,3,5,2,3,4,B
21,1,2,3,2,7,1,4,1,78,4,9.26,89,82,75,5,2,5,2,1,A
18,1,0,2,2,0,0,1,3,97,3,8.51,99,72,70,4,1,2,3,2,A
18,0,3,4,2,8,0,4,2,79,5,8.87,87,48,93,5,1,2,5,4,B
16,1,3,4,1,7,1,2,2,94,4,6.41,98,76,40,4,2,3,1,1,C
17,0,3,3,3,0,1,2,1,81,3,6.44,54,97,86,1,5,1,2,4,B
15,0,0,3,1,9,1,4,1,74,4,9.53,68,56,91,1,3,2,5,4,A
16,1,3,3,1,8,0,4,1,70,2,6.8,50,66,75,1,2,5,3,5,B
18,0,3,1,1,1,1,2,4,93,2,5.32,84,72,96,2,3,3,4,4,B
19,1,2,1,1,2,0,4,5,83,3,8.0,57,88,48,2,5,2,4,5,B
18,0,2,1,3,1,1,5,3,65,4,5.62,79,51,61,4,4,5,5,1,C
19,1,1,3,3,7,0,3,2,76,3,8.98,70,96,95,3,4,1,1,1,B
15,0,1,2,1,1,1,5,2,87,1,8.21,48,84,67,3,5,2,4,5,A
19,0,1,4,2,9,0,4,5,90,3,9.37,61,95,65,4,3,5,5,3,A
16,1,0,1,3,1,1,4,1,95,3,8.92,50,50,91,2,2,5,2,4,B
19,0,1,2,1,0,1,3,1,68,2,5.56,56,52,49,5,5,4,3,1,B
17,0,0,3,2,6,0,4,2,69,2,6.91,72,70,95,4,5,5,1,4,A
16,0,0,1,2,1,1,3,5,80,4,8.87,50,52,86,3,4,4,1,3,C
15,0,1,3,1,9,1,2,2,93,3,7.09,78,77,42,4,2,1,2,4,B
16,0,1,2,3,4,1,3,1,90,3,9.86,47,65,41,4,4,1,1,3,B
17,1,0,1,2,4,1,3,3,88,4,8.68,90,70,93,1,3,3,5,2,A
15,0,2,1,3,2,0,5,1,70,5,5.08,96,61,76,2,3,4,1,3,C
18,0,3,1,3,2,0,4,3,92,4,9.4,43,45,95,1,1,5,1,1,C
17,1,3,1,2,2,1,2,4,60,2,5.5,75,59,70,2,5,3,1,5,A
15,1,3,2,1,5,0,1,5,80,2,5.7,58,60,72,4,2,3,5,5,C
21,1,2,1,2,3,0,3,4,82,3,8.67,63,49,71,2,2,1,3,4,B
19,0,0,4,2,2,0,1,1,68,2,9.32,80,58,82,3,4,5,4,2,B
16,0,1,4,3,1,0,4,5,60,4,7.68,88,74,51,1,4,4,1,4,C
15,0,0,3,1,2,0,3,1,80,3,6.45,57,65,97,4,2,1,2,3,C
16,0,0,1,3,3,1,1,5,81,4,6.76,72,46,42,3,4,3,2,5,C
19,1,1,4,2,5,0,5,5,63,4,6.71,85,76,94,2,1,2,5,3,C
15,1,2,4,1,3,1,1,1,60,3,6.63,75,47,87,2,5,3,3,5,C
18,0,3,4,1,7,0,5,1,69,5,6.21,49,44,65,3,1,2,1,5,A
21,0,3,2,1,2,1,2,5,74,2,8.04,94,83,53,2,3,1,5,5,B
21,0,0,1,1,2,1,4,5,95,1,9.5,53,75,51,1,2,4,4,1,B
17,0,2,2,1,2,1,1,1,88,1,6.54,46,90,91,5,1,5,3,3,C
15,1,3,2,2,7,0,3,1,64,1,5.93,51,67,65,2,1,2,3,4,B
19,1,2,4,2,3,0,4,2,88,2,9.19,61,89,55,4,4,5,5,2,A
15,0,1,4,2,0,1,1,2,86,5,8.71,66,42,92,2,4,1,2,4,C
16,1,0,3,3,1,1,3,2,84,4,9.65,87,78,47,4,4,1,3,3,C
20,0,0,1,1,9,0,3,4,75,3,5.83,76,47,88,2,3,1,2,2,B
15,0,2,1,1,1,0,3,5,75,5,5.72,50,54,88,2,1,4,3,4,A
21,1,3,4,2,2,1,3,3,95,1,7.71,75,92,67,4,5,2,3,2,A
21,0,2,4,1,5,0,1,4,84,2,8.07,99,66,46,1,4,5,3,3,A
21,1,1,1,3,7,0,2,5,60,2,7.4,52,88,54,5,3,3,4,5,B
18,0,3,3,1,0,0,5,3,64,3,7.99,71,90,99,5,3,1,2,3,C
15,1,3,4,1,8,0,5,2,79,4,5.9,47,75,80,1,4,5,4,1,A
17,0,2,3,3,0,0,5,3,64,5,7.4,46,55,75,2,2,5,2,2,B
15,1,1,2,2,9,0,2,1,95,5,8.29,82,65,47,5,1,4,4,3,B
20,0,3,4,2,1,1,3,1,88,5,7.16,82,84,49,1,4,2,4,5,A
21,0,0,2,1,2,1,3,5,93,4,8.4,97,83,54,1,5,4,4,5,B
16,1,1,4,3,6,1,4,4,77,4,7.26,56,43,94,5,1,4,5,3,C
21,0,3,2,2,8,1,5,2,61,4,6.67,61,51,57,4,3,5,4,4,C
15,1,2,4,2,2,1,5,5,75,3,6.52,85,56,85,3,5,2,3,3,B
18,1,3,3,2,7,1,3,2,88,2,7.05,73,97,76,4,1,2,1,5,C
19,0,0,3,1,8,0,5,1,92,1,5.12,59,80,80,2,5,2,4,3,B
15,0,1,3,3,9,0,3,4,75,4,8.34,92,83,84,4,3,1,1,1,A
15,0,3,2,1,6,1,3,4,94,2,9.23,47,65,96,3,4,2,1,4,A
17,0,0,3,2,3,1,3,1,76,4,6.77,61,70,90,3,5,5,3,3,B
18,1,3,2,3,3,1,1,3,63,1,5.23,66,54,82,1,4,1,1,5,A
20,0,3,4,1,3,0,1,4,63,4,9.93,73,91,83,2,3,3,1,3,A
19,0,1,2,2,5,0,1,3,84,2,6.32,60,73,74,1,3,4,1,3,B
21,0,2,4,2,3,0,1,2,92,3,5.63,54,68,41,4,5,2,2,2,B
16,1,2,1,1,4,0,2,4,73,1,6.85,44,48,94,4,5,3,4,3,A
15,0,0,1,2,8,1,4,1,83,2,8.69,77,53,61,5,3,2,4,1,A
20,1,0,1,2,6,1,4,3,70,5,6.47,56,75,54,1,5,4,1,5,B
19,0,0,2,3,7,1,3,2,84,5,7.87,47,43,76,1,5,5,3,2,B
16,1,1,1,2,4,1,5,2,87,5,7.08,58,98,78,1,5,5,2,3,B
20,0,2,1,1,4,0,1,4,66,3,5.59,44,77,75,1,5,4,3,4,C
18,0,0,1,3,6,0,4,4,95,4,6.65,62,95,44,3,1,3,3,1,A
18,1,0,4,1,7,1,4,5,69,4,8.62,58,76,96,5,3,1,1,1,A
19,0,3,3,2,8,0,1,5,95,4,8.06,53,99,87,2,3,1,5,1,A
21,0,3,2,3,1,0,2,4,90,3,5.6,49,63,54,2,2,2,1,2,A
16,0,0,1,3,2,0,2,5,78,5,5.82,70,56,66,2,4,4,5,3,C
18,1,3,4,3,1,0,4,1,77,4,8.2,52,52,55,3,2,4,2,1,B
19,0,3,3,3,9,1,2,1,65,3,9.07,61,59,96,5,5,1,5,3,B
18,1,3,3,1,6,0,1,5,87,3,6.75,76,56,75,5,5,3,1,4,C
18,1,1,3,2,1,1,4,4,66,2,7.98,78,90,77,3,1,4,1,3,A
20,1,0,4,2,1,0,1,1,97,4,5.85,49,66,57,1,1,5,3,3,A
20,0,0,1,3,1,0,2,2,71,5,6.56,70,94,74,4,1,5,1,3,C
18,1,3,3,2,3,1,1,4,93,1,5.1,82,72,64,1,1,4,1,5,C
17,1,1,4,1,0,1,2,3,84,3,8.84,74,60,61,2,1,3,4,2,B
20,0,3,4,2,1,0,2,3,76,2,7.01,52,56,95,1,1,5,4,3,B
16,1,1,2,1,2,0,1,4,92,1,9.08,69,61,70,3,1,3,3,1,C
19,1,0,4,1,6,1,2,5,82,3,8.54,73,64,98,2,1,1,5,5,A
19,0,3,3,2,9,0,3,1,68,2,9.14,75,42,76,4,1,2,5,3,A
21,0,0,3,1,0,0,1,1,65,4,6.43,74,66,73,2,3,1,4,5,A
16,1,1,4,1,5,1,3,4,61,2,5.93,86,66,62,1,1,2,2,2,B
16,0,2,3,1,2,0,1,2,97,3,9.86,43,85,55,5,4,5,4,5,A
16,0,1,4,1,2,0,2,5,68,4,8.59,94,51,45,5,1,2,2,1,B
21,0,2,3,3,3,0,2,2,62,5,9.17,92,54,98,5,5,2,5,3,C
16,1,0,2,2,3,0,4,4,75,2,5.07,43,77,54,2,5,4,4,1,B
15,1,0,1,3,6,0,4,4,84,1,6.77,86,59,57,5,1,2,1,4,A
21,0,3,2,1,2,1,3,2,83,4,8.71,45,61,77,3,1,4,2,5,B
19,1,2,2,2,7,0,2,3,88,4,5.39,94,41,52,4,5,2,2,5,C
15,0,1,1,1,7,1,4,4,99,5,7.84,67,43,63,5,4,4,2,5,A
21,0,0,3,2,6,1,2,5,85,2,7.15,69,84,52,3,2,5,5,2,A
18,0,2,1,3,1,0,1,2,97,1,5.09,66,52,40,3,3,5,3,1,B
18,0,1,4,2,4,1,4,3,94,5,6.18,44,94,87,2,5,2,1,4,A
19,0,2,1,1,5,0,3,2,82,2,6.42,83,71,75,2,1,3,4,2,C
18,1,1,2,2,9,1,4,3,63,1,5.56,78,98,88,4,3,5,2,2,B
16,1,1,1,2,3,1,2,3,73,1,8.16,74,61,57,4,1,1,5,3,A
21,1,1,3,3,9,1,5,5,98,3,6.21,78,64,87,1,2,1,2,4,C
15,1,1,2,1,4,0,5,4,66,1,6.39,83,66,72,4,2,4,4,5,B
16,0,2,4,2,8,1,2,3,67,2,9.49,54,94,77,2,5,3,1,5,A
18,0,2,3,3,6,1,1,4,78,5,7.34,58,56,82,3,3,4,2,3,A
20,1,3,2,2,1,1,4,5,61,5,6.96,69,45,45,1,3,2,5,5,B
15,1,2,4,1,0,0,5,4,60,3,8.62,77,82,56,4,2,5,5,1,A
16,0,2,3,2,1,0,1,1,97,2,9.55,71,90,43,3,1,3,3,5,A
21,0,3,4,2,2,1,2,3,72,1,5.13,79,55,53,2,5,4,5,1,A
19,0,2,1,2,1,1,1,5,83,3,7.24,68,47,69,5,4,4,3,3,A
16,1,1,1,2,2,1,2,2,91,4,8.05,45,72,85,1,2,1,1,3,B
20,0,0,4,1,9,1,4,5,89,2,6.59,65,49,59,3,2,2,4,1,C
18,0,0,1,3,8,0,1,3,65,3,8.86,66,73,47,2,5,4,3,5,C
15,1,3,4,3,3,0,4,5,97,5,9.86,74,58,93,2,1,1,2,3,B
19,1,2,3,2,8,0,1,2,92,3,9.72,67,53,41,1,3,3,2,3,C
15,1,2,2,1,2,1,2,1,82,4,6.33,44,42,76,1,2,4,4,1,A
19,0,3,4,1,0,0,2,3,69,2,6.13,80,94,43,4,5,1,5,3,A
21,0,0,2,1,4,1,1,3,74,3,9.79,95,95,49,4,5,2,2,5,B
15,1,1,2,1,9,1,2,5,82,1,7.29,87,80,59,1,5,5,3,3,B
18,0,2,4,1,9,1,3,4,95,2,6.04,93,62,99,1,3,3,4,1,B
21,0,3,1,1,1,0,3,4,60,3,8.53,55,79,95,3,2,4,2,5,A
21,0,1,3,2,3,1,4,2,67,3,6.42,80,50,92,4,5,1,5,4,A
19,1,3,2,3,1,0,3,1,62,2,6.34,57,86,74,2,3,4,5,1,B
17,1,3,3,3,1,1,3,1,73,5,9.4,52,45,87,4,1,5,2,4,C
15,0,3,2,2,2,0,5,5,76,1,5.81,82,73,49,4,4,4,4,3,B
15,0,0,4,3,4,1,5,5,93,2,5.32,64,40,67,1,2,4,1,5,A
16,0,0,1,1,3,0,5,4,65,1,6.35,49,74,54,1,3,1,2,3,C
19,0,3,3,1,1,1,5,1,64,1,8.03,68,64,75,4,4,5,5,5,A
20,1,2,2,3,9,0,2,1,99,2,5.62,49,68,40,5,4,3,1,2,A
17,1,1,4,1,1,1,4,1,88,3,7.36,45,62,61,5,3,1,4,3,B
18,0,2,4,1,5,1,4,2,94,5,8.14,55,57,66,4,3,5,5,3,C
16,0,0,2,3,6,1,3,2,77,1,9.24,64,53,68,5,3,5,4,3,C
17,1,1,2,2,9,0,4,5,99,1,6.15,83,56,54,4,5,4,2,1,B
19,0,3,2,3,5,1,3,4,89,3,9.09,43,41,49,1,1,2,4,5,B
17,1,2,1,3,6,1,4,3,74,2,6.17,76,70,59,1,5,2,5,5,B
21,0,2,2,3,0,1,1,4,74,5,8.38,73,58,61,1,4,3,2,5,A
15,1,3,2,3,5,0,1,2,75,1,7.15,58,71,89,2,4,4,5,1,C
21,0,2,1,2,2,1,4,2,92,1,5.57,72,93,87,1,4,2,5,5,B
15,0,0,4,2,0,1,2,5,69,2,8.57,43,67,92,1,3,1,1,3,A
16,1,3,2,1,7,0,3,3,78,3,6.09,83,80,98,4,2,3,3,4,B
19,1,2,3,1,3,1,4,1,96,4,5.88,73,47,48,5,5,4,4,2,B
19,0,3,4,3,9,0,3,3,62,3,6.79,51,81,95,5,2,1,4,5,C
17,0,1,3,1,7,1,5,3,95,1,8.27,70,80,90,1,1,2,1,1,C
16,1,3,2,2,9,0,4,3,63,1,6.17,55,98,71,1,1,2,4,1,A
19,1,2,1,1,3,0,2,5,70,5,5.92,41,98,56,1,5,2,1,5,C
20,0,0,1,1,3,0,5,2,92,3,5.05,88,79,81,4,4,2,4,4,B
20,0,3,1,1,9,1,4,1,87,4,7.36,97,78,58,4,1,5,4,5,A
21,1,3,2,3,3,1,1,3,91,5,7.14,99,61,79,4,2,3,5,1,B
15,1,2,2,1,5,0,4,1,75,4,6.17,41,63,66,5,2,3,1,2,B
17,1,0,3,2,8,1,1,3,68,5,5.27,75,77,90,2,3,2,4,4,A
18,1,0,1,2,4,1,1,2,70,3,7.15,45,41,76,5,4,3,3,5,B
15,1,1,2,2,9,0,4,1,65,1,8.94,99,80,73,4,3,1,1,2,B
16,0,1,4,2,7,0,4,4,86,4,8.58,62,80,86,3,5,1,1,5,A
19,0,2,2,1,7,0,1,2,71,3,9.3,78,58,88,2,1,3,1,4,B
15,1,0,2,3,3,0,3,1,81,4,5.05,94,80,98,1,3,2,5,1,B
18,0,0,4,2,9,1,5,3,99,3,9.83,86,41,49,5,3,4,1,4,A
18,0,1,1,2,8,1,2,3,96,5,6.71,91,67,69,2,5,2,5,3,C
20,1,1,4,3,8,1,4,2,80,3,9.95,83,71,60,3,2,5,3,5,A
16,0,2,1,3,4,1,5,2,92,5,6.26,76,58,60,2,2,4,2,2,A
15,0,0,4,2,5,1,5,3,76,1,7.36,85,55,93,5,5,5,5,2,A
17,0,3,3,2,4,1,3,1,88,5,6.77,55,69,73,4,2,3,4,4,B
15,1,1,1,3,2,0,5,4,99,2,6.78,82,61,48,1,5,5,1,4,B
20,1,2,2,2,7,1,4,5,69,1,9.21,83,53,73,4,2,3,2,4,B
21,0,0,3,2,8,1,5,2,77,3,8.73,58,91,89,4,5,5,5,2,A
18,0,0,1,1,3,1,4,3,72,3,9.96,88,95,51,5,2,4,4,1,C
16,0,1,1,3,8,0,4,1,86,2,8.07,63,40,86,4,3,5,2,2,A
16,0,2,1,1,8,0,1,2,69,3,7.32,97,84,60,4,3,2,3,1,A
17,0,3,4,1,6,1,3,1,91,1,5.45,66,93,96,5,2,3,5,4,A
16,0,1,1,3,7,0,2,2,62,1,9.98,46,41,59,5,5,1,5,3,A
20,1,2,2,1,2,0,1,3,81,5,7.76,69,61,45,3,3,5,3,2,B
20,0,0,1,2,4,1,2,1,86,4,8.5,80,85,89,4,1,3,5,4,A
20,0,3,2,1,2,1,4,3,62,3,7.03,53,72,84,2,2,1,1,2,A
16,1,2,2,3,6,1,1,1,92,2,7.74,97,54,75,1,1,3,5,4,C
16,0,3,2,2,5,0,5,2,61,1,9.71,91,89,51,1,1,3,1,2,A
20,0,2,3,2,2,0,5,5,70,1,5.83,83,80,80,5,4,1,5,5,C
16,0,2,2,2,8,1,2,5,69,1,6.46,54,61,70,5,1,1,4,2,B
16,0,2,4,2,0,0,4,4,98,4,5.76,51,79,41,3,1,4,4,5,B
18,1,2,1,1,9,0,2,4,92,4,8.96,92,78,55,4,4,5,2,1,B
15,0,3,4,1,2,0,3,3,66,3,5.31,92,80,40,5,4,5,4,2,B
19,1,1,3,2,9,1,5,1,74,2,5.41,68,80,43,5,4,3,3,1,A
16,0,3,1,3,6,1,1,4,85,4,6.49,62,50,86,1,5,2,2,3,C
19,0,2,2,2,2,1,1,2,70,5,7.57,52,43,91,4,4,2,4,5,B
21,1,3,1,1,2,1,1,5,97,4,7.03,48,46,40,3,5,3,1,2,C
19,0,3,3,2,1,1,5,1,86,1,5.22,63,60,91,5,2,4,5,1,C
18,1,3,3,1,8,0,4,5,98,2,9.79,78,46,86,5,5,1,4,4,A
16,1,2,4,2,3,0,5,1,66,3,9.76,69,43,74,5,2,3,1,1,A
20,1,3,1,3,9,0,5,4,60,4,6.4,40,51,52,1,4,5,2,2,A
19,0,0,1,2,5,0,1,4,69,1,8.66,99,97,89,5,4,2,5,3,C
16,0,2,1,3,1,0,5,3,80,5,7.89,49,66,84,5,2,2,4,5,C
17,0,3,4,3,8,0,1,1,74,5,6.19,77,98,81,1,3,2,2,4,B
21,0,0,3,2,6,1,4,2,89,3,6.31,97,56,70,5,5,4,4,1,A
20,1,3,2,3,9,1,3,4,89,3,7.46,86,59,59,4,1,5,2,2,A
17,0,1,1,3,4,0,1,3,67,4,7.1,54,70,95,4,4,4,4,2,C
17,0,3,4,1,6,1,2,4,83,3,6.46,48,65,46,1,5,1,1,5,C
19,1,3,4,1,3,0,3,5,78,1,9.04,52,70,96,4,5,3,3,4,A
17,1,1,2,3,9,0,4,4,62,1,7.41,62,74,79,3,4,3,1,1,A
18,0,2,3,2,6,1,3,1,74,1,8.27,72,48,72,5,2,2,5,1,B
18,1,1,1,3,1,1,1,3,95,4,5.95,48,44,67,3,4,2,4,1,A
19,1,2,1,2,6,0,4,1,65,4,7.67,42,91,89,4,5,1,3,5,C
16,1,1,4,1,3,1,2,2,77,3,6.59,69,87,83,1,3,4,3,5,B
15,1,3,3,2,3,0,1,2,97,4,7.63,48,47,89,1,2,5,5,4,B
16,1,3,1,3,0,0,1,4,78,1,8.9,91,60,99,3,4,1,5,1,B
16,0,2,2,3,2,0,4,3,89,2,8.84,64,55,95,4,1,3,3,1,B
16,0,2,3,3,4,0,4,3,72,1,6.77,86,90,83,5,4,3,5,4,A
16,0,0,3,3,4,0,3,3,98,2,8.47,63,55,59,4,5,4,5,4,C
20,0,0,4,3,1,1,2,3,71,3,9.71,71,57,71,4,5,1,4,4,B
15,0,3,4,2,3,0,3,4,93,5,8.13,46,86,48,1,1,5,1,2,B
20,0,3,1,3,0,1,3,1,71,4,5.74,75,95,73,2,2,1,2,4,B
17,0,0,4,1,8,0,1,4,83,4,8.4,64,67,53,5,5,1,3,3,A
21,1,0,3,3,0,1,4,1,63,1,5.52,59,57,43,5,2,4,2,5,A
16,0,2,1,2,5,0,1,5,95,1,9.36,56,53,68,1,2,5,3,4,B
21,0,1,1,3,6,1,2,5,73,2,7.58,93,95,54,4,4,3,3,2,B
18,0,2,3,3,2,0,3,1,76,4,6.93,75,87,56,1,2,2,1,3,B
19,1,0,1,2,0,0,2,4,62,3,5.29,65,76,58,4,5,5,3,2,C
19,0,3,2,3,6,1,4,2,97,1,6.9,58,79,77,2,5,3,3,2,B
20,0,0,2,2,2,1,4,4,82,4,9.52,99,55,48,2,3,4,1,2,B
20,1,3,1,3,9,1,5,2,72,5,5.1,76,60,66,3,2,5,5,2,A
18,0,3,4,1,5,1,2,4,68,2,7.37,87,40,88,4,3,5,2,1,C
16,0,3,2,3,5,1,1,3,80,1,9.66,42,99,54,1,4,3,3,5,B
21,1,3,1,2,3,1,2,3,67,1,6.97,82,50,76,1,3,3,1,1,A
21,0,1,2,1,5,0,3,5,76,3,7.14,96,50,67,1,2,1,3,3,B
15,1,0,4,2,9,0,4,5,75,1,7.89,67,41,89,3,5,1,1,1,B
17,0,2,3,3,3,0,4,1,75,4,7.31,61,71,94,5,4,5,2,3,C
19,0,3,1,1,7,1,2,2,87,4,5.84,86,93,43,1,2,2,4,4,C
17,0,3,1,2,8,1,2,3,75,4,5.09,58,58,60,2,4,4,5,3,B
15,1,2,1,1,1,1,2,4,73,5,8.05,92,95,95,1,1,3,4,1,C
20,1,2,1,1,6,0,3,1,97,5,9.6,95,44,73,1,2,1,1,1,A
21,1,3,1,2,8,1,3,4,79,1,5.53,85,42,58,1,1,4,3,3,B
19,0,2,1,1,8,0,1,3,93,5,6.05,55,67,98,5,3,5,5,1,C
17,0,2,4,2,4,1,2,3,88,5,6.85,95,65,76,1,2,3,2,3,B
20,1,1,3,1,0,1,1,3,62,3,9.04,45,62,97,5,1,3,5,2,B
15,1,2,4,1,5,1,5,3,69,5,6.35,76,69,43,5,5,1,3,5,C
17,0,0,4,1,7,0,3,4,79,2,9.41,70,47,76,3,3,2,4,3,A
21,0,0,3,3,0,1,4,1,61,2,5.27,92,75,90,2,2,3,1,2,A
16,0,0,4,3,1,0,5,3,86,2,9.7,88,68,71,1,2,2,4,2,B
20,0,3,2,2,0,1,4,5,91,1,7.8,87,52,84,1,5,4,5,2,C
15,1,0,4,1,4,1,5,1,69,4,8.29,73,98,87,1,5,3,3,2,C
17,0,1,1,2,1,1,1,5,99,3,6.84,70,64,51,5,1,3,1,3,B
21,0,0,2,3,9,1,1,4,76,1,8.91,99,61,80,4,1,2,3,1,C
16,0,3,2,3,9,0,3,3,92,4,5.83,50,85,95,2,1,1,3,2,C
16,0,1,3,3,3,1,4,1,65,3,5.24,75,72,55,1,4,5,5,4,A
15,0,0,4,3,0,0,5,3,98,3,6.98,45,76,53,4,3,4,4,2,C
18,0,1,4,2,6,1,2,3,77,3,9.27,66,92,93,4,2,3,3,1,A
21,0,1,2,1,7,1,2,1,68,2,8.77,46,46,40,4,3,1,3,1,A
21,1,3,4,2,4,1,3,3,67,2,7.59,88,62,91,2,5,3,3,5,B
19,1,3,4,1,1,0,4,3,84,2,7.86,71,45,94,4,3,4,1,5,B
15,1,1,3,3,7,1,2,2,90,3,5.65,47,54,97,1,3,5,3,2,B
16,0,0,2,1,0,0,3,2,63,3,9.2,99,54,71,1,1,3,3,2,A
16,1,3,1,3,6,0,3,1,79,2,8.93,72,79,60,3,5,2,5,5,A
15,0,1,2,2,0,1,4,1,87,3,8.28,96,73,43,5,3,1,3,2,A
18,0,2,3,1,5,0,2,3,99,2,7.33,86,53,48,4,2,5,3,4,B
19,0,2,3,2,5,1,2,5,60,2,9.82,91,68,95,5,1,3,5,3,C
17,0,3,3,3,4,0,2,1,99,2,9.4,83,55,90,5,3,5,1,5,C
15,1,0,4,2,1,0,1,3,82,4,8.22,54,68,85,5,5,2,4,5,C
19,0,2,2,3,1,0,2,5,72,3,6.86,94,62,61,5,2,3,5,1,B
21,0,2,4,3,8,0,5,2,75,1,8.09,66,49,51,5,5,5,1,2,C
19,1,2,4,3,4,1,1,1,85,2,7.88,69,86,69,1,5,3,4,5,A
20,1,0,2,2,4,0,1,3,90,1,6.97,61,94,69,2,5,3,3,5,A
16,1,0,3,2,6,1,1,2,60,4,6.53,86,43,71,4,4,5,5,4,B
17,0,3,1,1,5,0,1,4,76,3,7.04,68,51,99,4,2,3,3,2,B
15,1,3,1,1,1,1,3,2,75,2,7.87,80,81,75,1,5,2,5,3,C
16,0,2,2,2,0,1,5,3,96,2,7.14,87,73,46,1,4,5,4,4,B
20,0,0,2,2,4,0,4,5,69,2,6.32,69,43,56,5,1,5,1,3,A
20,1,1,3,2,3,0,2,4,97,1,8.8,41,59,40,2,4,2,5,1,C
16,1,2,2,2,2,1,1,4,90,4,7.66,54,67,53,4,1,2,1,5,B
18,1,3,2,3,1,0,4,4,69,3,5.34,86,67,86,3,4,2,3,4,C
19,0,0,3,3,9,0,3,1,93,4,6.84,66,45,83,1,5,3,3,3,C
15,0,3,3,3,1,0,4,3,65,2,9.42,46,53,83,3,4,3,4,2,A
15,0,3,4,2,3,0,1,4,87,4,8.78,66,94,77,4,4,4,4,1,A
15,0,0,2,3,1,0,5,2,87,1,6.62,60,74,65,1,5,3,2,1,A
16,0,2,1,3,3,0,4,5,72,5,9.69,52,86,66,4,1,2,2,5,A
21,0,0,2,1,2,0,1,3,71,5,5.38,94,97,84,1,5,4,4,5,A
18,1,2,1,1,8,0,1,2,99,3,9.81,56,40,55,4,2,2,3,3,B
17,0,3,1,3,6,0,2,1,61,3,6.23,50,58,85,3,4,1,1,3,C
20,1,0,1,3,2,1,2,4,67,4,5.05,98,96,46,2,2,5,4,1,C
16,1,1,4,3,7,0,5,2,68,3,7.17,49,40,71,1,5,1,1,3,C
21,1,2,3,2,8,0,2,3,67,1,6.79,96,52,64,3,5,2,2,5,A
17,1,1,3,1,6,0,5,2,62,2,7.7,72,47,70,4,3,3,1,1,B
20,1,2,4,1,5,0,3,1,68,2,8.98,53,57,55,3,2,5,4,1,B
20,0,0,3,1,3,0,3,5,72,4,9.21,76,93,94,1,3,3,3,2,A
18,0,1,4,3,4,1,2,4,68,2,7.01,47,74,80,3,2,3,4,2,C
19,0,0,2,2,7,1,3,3,90,4,7.15,72,62,97,4,3,5,5,3,C
15,0,2,4,1,2,0,4,4,84,3,5.74,46,89,53,5,3,5,5,3,B
17,1,2,3,1,1,1,4,4,67,3,5.24,73,91,64,2,2,1,5,5,C
16,1,2,3,2,2,0,4,4,90,1,8.21,46,65,69,2,5,2,3,5,A
17,1,2,2,3,6,0,3,2,90,2,5.32,46,80,95,5,1,3,4,2,B
19,0,3,4,3,7,1,4,2,76,1,8.67,80,77,46,1,5,2,5,1,A
15,0,2,2,1,0,1,5,5,78,5,7.7,93,59,51,3,1,2,4,4,A
17,0,1,1,1,6,1,1,1,62,1,5.99,75,41,42,3,2,4,2,4,C
19,0,2,4,2,8,1,2,3,89,4,7.7,94,65,66,5,4,1,5,3,C
16,1,0,2,1,2,1,5,2,69,4,5.91,46,96,85,5,5,3,5,4,B
18,1,3,2,2,2,0,4,4,88,1,7.19,59,75,58,4,3,5,3,4,B
21,0,1,3,1,7,0,1,1,99,3,9.0,57,64,82,4,5,5,4,2,B
20,0,3,4,1,3,0,2,3,77,5,7.31,84,69,76,2,2,2,3,1,C
16,1,3,1,1,7,1,5,3,71,1,5.74,82,57,94,1,4,1,3,5,C
15,1,3,1,3,4,0,2,3,82,3,8.62,80,46,84,1,4,1,4,2,C
20,1,0,4,2,2,1,3,3,70,1,5.93,53,66,99,5,5,3,2,5,C
21,1,3,4,2,3,0,4,5,68,2,8.69,79,50,81,2,5,3,4,2,B
16,0,3,2,3,3,1,5,3,83,4,7.4,92,76,46,2,5,2,2,2,B
16,1,2,3,3,7,1,5,1,84,2,7.27,53,47,88,4,2,2,3,4,A
16,1,0,3,3,5,0,1,2,84,2,9.26,60,50,55,3,1,2,2,5,A
16,1,1,3,2,6,0,1,1,68,5,8.54,88,63,71,1,1,4,2,2,C
20,1,1,4,1,8,0,1,4,71,3,5.16,98,69,47,2,3,1,2,4,C
15,0,1,3,3,5,0,2,5,70,4,6.48,96,69,88,4,2,2,5,3,B
21,0,0,2,3,2,1,4,5,97,2,9.35,66,91,52,4,4,1,5,5,B
19,0,1,4,3,2,0,2,4,87,4,5.09,85,91,50,4,3,5,3,2,A
17,0,0,4,1,2,1,4,1,67,3,7.73,65,54,59,3,4,5,4,3,B
18,0,2,3,1,9,0,5,1,69,1,8.64,66,95,57,2,4,1,2,4,B
21,0,2,1,3,1,0,2,4,84,2,8.11,63,74,76,5,5,5,5,2,B
17,1,0,1,1,0,0,2,3,95,3,8.8,44,78,45,5,4,5,4,4,C
17,1,1,2,3,9,0,2,3,68,4,8.63,81,63,59,4,4,5,2,4,A
18,1,0,3,1,0,0,3,2,67,3,8.46,77,47,71,4,2,3,4,4,B
21,1,0,3,2,3,1,4,1,62,1,9.11,67,82,85,3,5,3,1,5,B
20,0,3,4,2,2,0,4,1,77,3,8.23,81,81,83,4,5,1,2,3,C
15,1,0,4,1,4,1,2,4,94,4,7.01,82,59,68,2,3,1,4,3,C
18,0,3,3,2,8,0,3,4,76,2,7.36,97,80,43,4,5,4,2,1,B
15,1,2,4,2,7,1,2,3,95,2,8.58,71,86,46,4,1,3,2,2,C
20,1,3,3,2,8,0,4,1,87,5,9.38,63,65,82,2,2,1,1,4,B
17,1,0,2,3,4,0,5,1,74,4,6.36,45,91,59,1,3,3,4,2,A
15,0,2,4,1,7,0,3,5,78,5,6.71,49,63,73,5,1,4,3,3,B
20,1,3,3,1,3,1,3,2,81,5,9.65,85,61,75,4,4,1,5,3,A
20,0,0,4,1,4,1,2,2,65,1,7.89,91,44,46,2,1,1,2,4,B
19,0,2,2,2,2,0,5,3,66,4,5.89,42,54,72,5,3,1,2,5,C
18,1,3,4,3,4,0,4,1,68,2,8.32,46,75,54,3,5,1,2,4,C
19,0,0,3,1,2,0,1,5,79,4,9.95,68,76,91,1,2,2,2,4,A
17,0,0,4,2,4,1,4,1,96,1,9.12,73,68,71,4,3,3,5,1,A
18,1,1,4,3,4,0,4,4,70,4,8.73,46,54,61,1,1,3,3,5,A
17,1,1,3,3,5,1,5,3,61,4,6.04,56,66,95,4,1,3,1,2,A
19,1,3,1,1,8,0,3,2,81,5,9.38,52,88,79,4,3,4,3,5,A
21,1,3,4,1,0,1,4,1,95,4,7.63,97,94,68,4,3,2,5,4,B
20,1,3,4,2,9,1,3,3,64,5,9.45,60,47,64,1,3,3,4,4,C
17,1,0,2,1,5,1,5,2,66,5,6.65,70,99,44,3,5,3,1,4,C
18,0,3,1,2,0,0,5,1,65,3,5.31,48,96,53,2,3,1,1,4,A
18,1,0,2,3,5,1,2,5,81,1,7.38,84,68,89,2,4,1,4,4,B
17,1,3,3,3,1,0,1,3,69,5,6.35,86,58,74,3,2,1,2,5,A
18,0,0,3,3,7,1,5,1,99,4,8.58,52,70,41,3,2,3,5,4,A
20,1,0,2,3,2,0,5,2,79,5,9.79,56,48,64,4,4,1,4,3,B
21,0,1,4,1,9,1,3,2,87,5,8.45,47,49,93,4,1,3,3,3,A
20,1,2,1,1,5,1,5,5,82,5,9.43,48,76,55,2,1,4,3,1,B
18,1,0,2,2,5,0,4,3,94,2,7.27,48,49,85,4,1,4,4,2,C
17,0,3,2,2,3,0,2,3,60,2,8.86,79,93,55,4,1,5,5,3,B
19,1,1,3,2,4,1,2,1,88,2,9.22,87,72,50,3,5,2,1,1,C
18,0,3,4,2,1,1,4,2,68,2,8.55,91,64,99,1,4,1,1,5,A
18,1,3,1,2,9,0,5,2,68,3,7.54,69,96,88,5,2,1,2,2,C
18,1,0,2,3,9,1,1,5,81,5,8.13,46,93,74,5,4,2,5,4,A
18,0,0,1,3,7,1,5,5,61,3,8.5,56,95,62,4,2,2,3,4,A
17,1,2,1,3,9,0,2,3,75,4,6.27,78,43,94,4,1,5,3,5,A
19,1,0,2,2,6,0,1,2,99,1,9.05,77,92,44,5,5,2,2,2,B
19,0,0,1,3,9,0,3,1,65,3,9.75,44,44,74,3,3,3,3,3,B
15,1,2,3,3,5,1,3,4,72,2,7.33,56,62,68,5,3,1,2,2,C
18,0,3,4,3,6,1,5,1,92,2,8.51,79,78,86,5,1,2,2,1,C
18,1,2,4,3,0,1,5,5,78,4,8.69,97,94,94,5,1,3,4,5,B
15,0,2,4,1,4,0,1,1,74,5,8.31,40,44,44,4,4,2,1,3,B
19,1,2,3,2,6,1,1,2,92,1,7.74,55,91,93,4,5,3,5,2,B
16,0,1,3,2,0,0,5,3,69,3,9.41,56,47,42,5,5,4,5,2,C
20,0,3,3,1,1,0,2,4,60,5,7.24,69,56,45,4,4,3,1,3,C
16,1,1,4,3,8,1,3,3,71,5,5.31,70,40,62,5,5,5,5,1,B
19,1,1,1,3,2,0,1,4,88,3,9.22,74,93,85,3,5,3,3,1,B
21,0,0,3,3,5,1,2,4,76,3,8.37,84,89,95,4,3,2,3,2,C
18,1,2,2,2,6,0,5,2,63,3,9.25,47,51,41,1,5,4,5,4,A
16,0,2,3,2,8,0,4,2,88,3,5.69,87,74,57,4,1,4,4,3,A
17,1,1,2,2,4,0,1,5,66,2,5.15,95,91,69,3,3,3,5,1,B
17,1,0,4,2,3,1,4,5,72,5,9.67,69,53,77,3,1,2,2,1,C
15,0,0,2,2,1,0,2,4,64,5,5.74,78,87,95,4,1,4,2,1,B
19,0,0,3,1,2,1,3,5,65,2,9.05,60,57,44,2,4,3,1,5,C
19,1,3,3,2,4,0,2,2,93,5,9.12,54,49,85,5,5,3,3,4,A
16,1,1,1,3,1,0,3,5,66,3,8.54,95,94,88,5,5,3,4,1,B
18,1,3,4,2,3,0,2,4,87,1,5.66,73,54,50,3,5,4,5,4,B
19,1,0,2,1,0,1,1,3,69,5,8.34,95,81,40,4,5,1,2,2,C
16,1,0,4,3,3,1,1,1,63,1,9.45,99,72,49,2,3,2,3,2,A
16,0,0,3,1,6,1,4,5,62,1,7.13,66,58,80,1,2,5,3,5,B
20,1,2,1,3,2,1,2,2,84,2,7.07,41,73,91,5,1,5,4,4,A
20,1,1,3,2,9,1,2,3,82,4,7.21,49,84,83,2,2,2,4,3,B
19,0,2,3,1,7,0,4,2,86,5,5.41,44,64,65,5,2,1,4,5,C
16,0,3,3,3,5,0,5,5,73,2,9.46,66,55,72,4,2,2,4,1,B
15,0,2,2,2,5,1,2,4,97,2,9.35,43,47,66,5,3,3,2,2,C
15,1,1,3,3,0,1,2,1,91,1,9.99,86,74,95,1,2,2,4,2,C
20,0,2,4,1,4,1,2,1,82,5,7.93,52,60,89,4,3,2,3,3,A
19,0,0,4,1,2,1,5,3,99,2,8.76,56,58,51,3,4,4,3,5,C
18,0,3,1,1,9,0,1,1,96,3,6.01,60,85,41,2,4,5,5,4,A
21,0,3,4,1,0,1,4,4,62,2,8.34,62,50,40,5,4,5,3,2,A
15,1,0,3,2,7,1,5,2,94,3,8.25,72,83,40,4,3,3,3,1,B
15,1,0,3,3,6,1,3,4,72,4,9.51,89,50,96,4,3,3,2,3,C
20,1,0,4,2,6,1,3,3,93,3,9.15,99,99,72,5,1,4,3,3,B
20,0,1,1,1,9,0,5,3,83,3,9.69,54,50,61,3,2,3,1,3,A
19,0,2,1,3,9,0,5,1,60,1,9.34,53,61,51,5,5,1,3,1,C
20,0,3,4,1,9,1,1,4,71,2,9.34,48,60,78,3,5,4,5,3,C
17,0,2,2,2,3,0,3,2,67,4,5.32,83,66,75,5,2,4,5,4,A
21,0,0,2,2,5,0,4,4,78,2,9.23,76,57,60,4,5,2,4,4,B
16,0,0,2,2,8,1,2,2,68,3,8.04,69,81,59,1,5,2,2,5,A
15,1,2,2,3,2,1,2,2,87,3,6.9,68,87,75,1,5,1,5,5,B
17,1,3,4,3,8,0,1,4,73,2,5.28,62,79,65,4,3,4,1,4,B
18,0,1,1,1,3,0,1,5,86,4,8.39,73,77,86,1,3,4,1,1,B
17,1,2,3,3,4,0,3,4,77,4,6.64,94,69,70,3,3,2,4,5,A
19,0,0,3,3,6,0,4,2,65,1,7.34,94,90,40,4,2,5,2,3,C
18,0,0,4,2,5,0,4,3,92,3,8.41,46,84,77,3,4,5,2,4,A
18,1,1,3,1,9,1,5,3,96,3,9.56,92,86,53,4,5,2,3,2,B
20,0,2,2,2,7,0,1,1,84,1,9.13,48,84,65,3,1,3,1,1,A
17,1,1,1,1,7,0,2,3,72,2,7.25,89,72,85,3,3,4,1,1,B
19,0,1,4,1,7,0,2,5,82,3,6.94,43,60,81,1,1,1,1,4,A
15,0,3,1,3,2,0,3,2,95,2,6.2,41,99,46,4,5,5,1,2,B
21,1,3,4,2,9,0,2,4,92,4,6.86,95,98,94,5,4,3,5,1,B
20,0,0,4,3,5,0,4,4,80,5,5.56,99,41,95,1,1,4,2,5,A
17,0,2,4,3,6,0,4,5,93,1,9.86,66,52,94,3,5,3,3,2,A
15,0,3,4,3,8,0,1,3,95,3,7.87,72,41,93,3,5,4,5,3,B
17,1,0,1,1,9,1,3,2,76,1,5.64,71,96,51,5,3,4,2,5,A
20,0,2,3,2,9,1,2,3,69,4,6.76,96,82,63,5,4,2,4,2,B
15,0,0,4,2,3,0,1,1,82,4,7.74,83,84,58,3,5,2,1,4,B
20,0,3,2,3,4,1,5,3,61,4,7.66,84,70,48,5,4,1,3,1,B
17,1,0,4,1,7,1,5,1,94,4,5.18,85,49,74,2,3,1,2,5,C
18,1,2,1,2,0,1,2,4,73,5,9.75,76,62,43,1,1,3,4,4,B
21,1,2,4,2,5,1,2,2,61,2,6.38,66,61,84,4,2,2,1,2,C
16,1,0,2,3,3,1,2,1,78,2,5.08,67,86,81,5,2,4,4,3,C
21,1,2,1,1,4,1,4,3,75,5,5.38,42,68,71,5,2,2,4,1,C
18,0,0,4,3,4,0,2,3,84,2,7.9,99,72,85,2,4,4,5,1,A
20,1,2,2,2,1,0,5,4,60,4,5.69,98,70,45,4,2,2,4,5,C
21,1,0,1,1,7,1,2,5,61,2,5.21,75,53,67,2,1,4,5,4,C
20,0,0,4,3,1,0,3,5,86,1,6.9,88,49,67,4,5,3,5,2,B
20,1,0,2,2,3,1,5,3,61,2,8.11,90,57,79,1,4,2,4,2,B
15,0,1,1,3,4,0,3,5,89,1,5.56,82,50,90,5,1,5,2,4,C
19,1,2,4,3,0,0,5,2,69,3,6.57,47,78,68,1,4,5,4,1,B
20,0,3,1,3,5,0,1,5,78,1,7.09,83,86,81,4,4,4,4,4,B
21,0,0,2,1,1,1,5,2,75,1,5.8,89,42,93,5,4,3,2,2,C
21,1,1,4,2,4,0,5,3,72,4,7.53,89,41,44,2,3,4,1,4,B
21,1,3,4,2,5,0,3,3,67,4,5.43,80,93,44,3,5,3,3,1,A
18,0,0,4,2,7,1,3,3,90,4,5.23,76,47,76,2,2,1,1,5,B
16,0,3,2,2,8,1,5,4,84,1,7.6,92,70,80,3,3,2,4,1,B
20,0,1,3,1,5,0,5,5,98,5,6.24,88,47,94,2,5,3,1,3,C
20,0,3,4,3,4,1,4,1,80,4,5.48,84,82,67,4,2,4,3,3,B
20,0,0,2,2,3,0,1,1,97,4,7.12,77,87,80,1,3,1,1,4,C
15,0,3,1,1,1,0,1,3,88,1,9.58,95,41,86,3,3,4,3,1,B
20,0,3,1,3,1,1,2,5,65,3,8.62,61,61,48,4,1,5,1,1,B
18,1,0,2,1,6,1,5,2,77,3,9.08,53,99,68,1,3,5,5,2,A
17,0,1,3,1,4,0,5,1,94,2,9.36,54,44,53,1,4,2,4,5,B
19,1,1,2,2,6,1,5,3,86,3,9.86,94,46,77,5,3,2,3,1,C
21,1,3,1,2,0,0,5,1,64,4,8.82,85,59,93,5,4,1,4,4,A
20,0,2,1,3,0,1,1,1,66,5,8.04,43,67,91,5,5,5,5,2,C
15,0,3,4,3,4,1,3,1,69,2,6.83,57,52,79,3,5,3,1,2,A
18,1,2,3,2,1,1,4,3,69,5,5.91,40,41,73,3,4,5,4,4,A
20,0,3,2,1,7,1,3,3,87,5,8.43,51,71,76,1,1,2,1,4,A
15,0,1,1,2,2,1,3,4,95,4,9.97,93,65,88,3,1,4,1,1,C
17,1,3,1,3,0,0,1,4,69,1,7.34,80,42,81,1,5,1,4,1,A
16,1,3,1,1,1,0,4,4,94,1,8.62,81,80,53,4,3,5,3,2,B
20,1,2,2,1,9,0,5,1,94,1,7.48,92,81,57,2,5,3,3,2,B
18,0,1,2,1,9,1,1,5,96,3,7.16,99,95,72,1,5,3,4,5,B
15,0,2,3,2,6,0,1,3,79,1,7.05,89,52,93,1,4,3,3,2,B
15,1,3,4,2,5,0,4,4,72,4,7.52,56,96,73,4,1,1,2,4,B
20,0,0,4,3,7,1,2,5,70,3,6.83,58,60,67,5,4,3,1,4,C
15,1,3,4,1,6,1,1,4,78,1,8.74,75,84,75,5,5,3,4,5,B
16,0,3,1,1,9,1,3,4,87,5,9.37,87,76,84,5,2,5,5,3,A
15,1,2,4,2,7,0,3,5,97,4,9.41,46,62,87,1,3,1,4,3,B
21,0,0,1,3,2,0,5,4,63,4,6.14,48,46,76,1,5,4,4,4,B
19,1,0,3,3,5,1,1,1,96,2,9.48,47,56,62,3,4,4,1,3,B
21,0,2,1,1,6,0,5,1,78,4,6.71,64,67,81,3,2,3,5,3,C
19,0,1,3,2,9,0,1,1,96,5,6.55,46,86,56,2,2,2,1,5,C
15,1,0,3,1,0,1,4,2,73,4,8.63,81,69,99,2,5,1,3,2,A
20,0,0,4,2,0,0,1,4,90,2,6.52,47,44,50,3,1,2,4,2,B
19,0,2,4,3,6,1,2,2,87,4,5.26,63,63,71,1,2,1,1,3,C
18,1,1,1,1,2,0,3,3,95,4,6.87,56,46,76,4,3,1,2,1,C
19,0,1,2,1,2,1,4,5,97,2,8.61,51,98,54,3,4,5,4,5,B
21,0,3,4,1,4,0,3,3,78,4,6.63,85,73,43,1,4,3,3,3,B
15,0,3,4,3,5,0,5,2,60,3,8.15,70,95,78,3,4,5,1,1,C
20,1,2,2,1,1,1,4,1,82,4,8.3,51,89,69,5,5,2,1,1,B
17,1,1,2,3,2,1,2,4,87,1,8.67,96,81,49,3,4,2,2,5,B
20,1,2,4,2,5,1,3,4,63,1,9.49,41,72,62,5,4,4,3,2,C
20,1,3,2,3,2,1,1,1,77,3,7.16,51,98,63,1,3,5,2,4,C
20,1,2,1,2,4,0,1,4,98,4,5.83,66,66,75,5,1,5,4,1,A
18,0,2,3,3,8,1,1,5,84,5,6.59,85,53,91,3,5,5,5,4,B
16,0,0,3,3,2,1,4,5,77,4,7.16,46,98,97,5,5,4,1,4,B
21,1,0,4,1,5,1,2,5,65,1,8.57,97,58,44,4,4,5,2,5,C
15,0,0,4,3,4,1,2,3,78,2,5.07,97,87,76,5,3,5,1,2,C
16,0,3,1,1,4,1,2,1,71,3,6.58,52,90,82,5,2,5,1,5,C
17,0,2,2,2,5,0,3,5,84,2,8.9,92,77,58,2,4,5,2,1,B
16,0,0,4,2,5,1,4,2,94,5,8.35,75,51,76,4,4,2,1,2,A
15,1,0,3,1,0,1,1,5,60,4,8.66,40,42,92,1,5,3,3,3,B
21,1,0,1,2,8,1,3,3,64,5,9.06,88,46,47,5,5,2,3,2,B
21,0,3,1,3,4,0,2,2,60,2,8.92,74,95,46,4,4,5,5,5,B
15,0,3,2,1,0,0,1,1,67,4,8.41,69,74,79,1,5,1,3,5,B
17,1,2,4,1,7,0,4,1,98,5,7.2,70,64,52,4,3,1,2,4,B
15,0,2,4,1,6,1,5,5,77,1,9.92,56,88,76,2,2,4,3,3,C
17,0,2,1,2,6,1,2,2,68,1,7.85,47,54,99,1,2,2,5,2,A
17,0,0,3,2,4,0,2,2,64,3,6.01,42,58,66,1,2,4,4,3,C
15,1,1,4,3,0,0,2,5,63,1,6.46,98,99,57,5,4,4,4,4,B
19,1,3,3,3,8,1,2,5,88,1,8.47,49,58,63,3,4,1,2,3,C
21,0,0,1,1,8,1,1,4,60,2,9.62,73,62,80,1,4,2,5,3,B
17,0,0,4,3,7,1,4,4,89,1,5.89,61,50,41,1,3,3,3,2,A
15,0,2,3,2,4,0,3,5,60,1,5.41,43,98,55,2,2,2,5,3,A
19,0,2,1,3,2,1,1,3,62,2,9.41,71,60,53,2,5,4,1,4,A
21,0,0,3,2,7,1,4,4,81,1,9.58,68,91,56,2,5,5,5,1,A
17,0,3,4,3,0,0,3,5,67,1,6.38,85,73,99,5,1,4,3,1,C
21,1,3,2,2,2,0,2,2,77,3,6.89,50,78,45,1,1,2,2,5,A
19,1,0,3,2,6,0,4,4,84,1,8.3,85,90,74,2,5,1,1,1,B
21,0,1,2,3,3,1,2,3,79,1,6.65,52,46,56,2,2,2,5,2,A
18,1,1,4,3,6,0,4,1,90,3,9.39,98,81,84,4,4,3,4,5,B
20,0,3,2,2,4,0,5,2,89,2,5.54,43,83,77,4,5,5,3,1,C
18,0,2,1,1,5,1,2,3,75,1,5.19,41,94,99,2,5,5,2,1,B
19,1,1,2,3,6,1,2,3,61,5,6.04,73,66,79,5,1,4,3,5,B
17,1,1,3,2,9,0,2,3,76,2,6.43,82,89,96,3,2,2,5,2,C
15,0,2,3,3,6,1,1,2,69,2,5.56,61,62,45,4,5,1,2,5,A
16,0,1,2,3,6,0,3,3,66,1,5.33,44,77,99,4,4,3,4,2,C
15,1,0,1,3,6,1,2,1,68,3,8.78,48,97,87,1,4,4,1,2,B
21,1,1,4,3,6,1,2,4,76,2,5.82,59,59,77,1,3,2,5,4,A
16,0,2,2,3,2,0,1,2,68,3,9.57,60,66,88,2,4,1,2,1,B
16,0,0,3,1,2,0,1,3,68,5,6.84,56,92,60,1,5,2,1,1,A
21,0,1,3,1,6,0,5,5,96,3,8.35,51,99,74,1,5,1,2,3,C
21,1,3,2,1,1,1,4,4,83,4,6.13,67,47,62,3,4,2,5,5,A
17,0,0,2,2,1,0,2,2,98,3,6.2,57,76,51,5,1,2,2,4,A
19,1,0,2,1,2,1,4,5,70,2,7.87,42,42,96,2,2,4,4,1,B
15,0,3,4,1,3,1,1,5,67,3,7.8,44,41,68,3,5,2,2,3,B
19,1,3,3,2,5,0,1,3,84,3,8.84,99,61,66,2,4,2,5,4,C
18,1,1,3,1,7,1,5,2,61,4,8.79,92,45,45,5,4,4,2,2,A
17,1,1,3,3,9,1,3,3,69,4,8.35,91,78,60,2,5,4,1,1,C
17,1,2,4,1,9,0,1,1,83,1,7.25,53,79,46,1,3,5,1,5,C
18,0,2,1,1,6,1,2,5,75,2,9.45,87,75,82,5,2,5,3,4,B
15,1,0,3,1,3,1,5,1,78,1,8.11,65,83,80,3,5,4,3,3,C
20,1,3,3,3,1,0,3,3,90,4,9.95,58,63,55,3,4,3,4,5,B
18,1,3,1,3,1,0,5,4,70,3,9.1,80,51,44,4,3,1,1,2,A
15,0,2,4,3,3,1,1,5,65,4,5.22,56,56,54,3,5,4,3,5,B
16,0,0,1,3,5,1,3,4,65,5,6.6,93,61,60,4,2,5,2,3,A
21,0,0,1,2,2,1,4,2,91,3,7.86,78,93,97,1,3,2,4,2,C
17,0,2,1,3,5,1,3,5,98,1,8.61,81,58,43,3,4,4,5,3,A
15,0,2,1,3,4,0,2,1,72,3,7.75,43,48,44,5,1,4,3,1,B
19,0,2,4,3,4,1,4,4,62,5,8.93,81,51,46,4,2,5,3,3,A
21,1,1,4,3,1,1,4,2,94,4,6.41,74,99,74,3,3,5,1,5,B
19,1,0,1,2,7,1,2,5,97,2,5.92,63,71,75,1,5,3,4,1,A
21,1,0,2,1,4,1,4,2,76,2,5.27,80,92,96,5,5,5,1,1,C
17,0,0,2,1,1,0,1,1,62,2,7.87,52,70,54,5,3,5,1,4,A
18,1,2,2,3,6,1,3,5,93,4,8.44,72,56,67,1,5,5,4,5,C
20,1,2,2,3,8,0,3,2,71,2,6.63,54,62,41,3,3,2,2,5,C
18,0,2,3,3,8,0,2,3,83,5,8.07,54,49,95,2,2,4,3,2,B
15,1,2,4,1,0,0,1,5,65,4,5.26,70,69,96,3,5,4,1,3,A
18,0,3,4,1,6,0,4,5,70,2,5.5,82,58,44,4,2,5,3,3,A
17,1,2,1,3,8,0,3,5,86,1,8.51,67,65,46,4,4,3,4,5,C
15,0,1,3,1,5,1,3,5,83,4,6.84,49,65,61,3,4,5,2,3,A
16,0,3,1,2,0,0,3,3,77,4,8.36,96,50,88,4,4,3,5,5,A
18,0,3,1,3,1,0,3,1,86,3,9.16,46,59,70,2,4,4,2,1,B
18,1,2,4,3,3,0,5,3,80,2,9.26,72,93,71,2,5,3,4,3,A
20,1,0,3,2,3,1,2,3,93,1,5.86,46,95,47,5,3,3,2,3,A
15,0,2,2,2,1,0,4,2,92,5,7.43,44,84,80,4,5,1,5,5,B
19,0,0,4,1,7,1,4,4,77,4,8.67,65,43,81,3,5,3,1,5,B
18,1,2,3,2,1,0,2,4,62,5,8.87,94,86,50,5,2,3,2,2,A
17,1,2,3,3,2,0,1,2,83,5,8.92,55,51,40,2,3,2,4,3,B
18,0,0,4,1,3,1,2,3,60,5,6.14,99,64,86,5,1,4,2,4,B
20,1,0,4,2,8,1,3,2,65,3,5.96,96,95,79,1,1,5,5,5,C
16,1,0,1,1,9,1,3,5,78,5,7.95,47,97,58,4,3,1,4,4,A
20,1,0,1,1,0,0,2,2,81,2,8.71,61,49,83,3,1,3,2,1,B
18,0,1,1,1,7,1,2,2,67,2,6.6,73,61,77,2,3,2,4,1,B
19,0,0,2,1,4,1,4,5,64,1,5.52,79,46,81,5,2,2,5,4,B
21,1,2,4,2,6,1,4,4,68,1,8.58,67,63,95,3,2,5,1,1,A
18,0,2,3,3,7,1,5,5,80,5,6.5,85,41,76,4,5,5,5,4,A
15,1,1,4,3,4,1,5,1,87,5,5.83,75,71,95,3,1,4,1,2,C
18,1,0,3,2,7,0,3,2,63,3,5.74,95,60,46,4,3,3,3,2,B
19,0,2,2,3,9,1,5,2,83,5,6.57,86,46,78,4,2,2,5,1,B
15,0,1,4,1,7,0,5,4,67,5,7.96,46,47,94,4,5,1,1,4,C
17,0,2,3,1,8,1,1,3,76,5,6.79,91,92,64,5,1,4,3,4,B
15,1,1,3,1,1,1,2,5,93,4,5.1,79,90,93,4,1,3,3,4,B
20,1,1,1,2,2,0,4,3,79,4,5.48,98,77,61,3,1,5,3,1,A
16,0,3,2,1,0,0,5,1,75,3,6.45,82,60,66,1,2,3,4,4,C
20,0,3,4,1,3,0,4,5,69,3,8.3,67,47,80,3,2,5,5,5,B
21,0,0,1,2,4,0,5,1,93,2,5.49,98,96,86,5,1,3,5,4,B
15,1,3,2,1,0,1,5,1,69,3,7.8,41,64,77,4,2,1,5,5,B
17,1,1,1,1,7,0,3,1,89,2,5.6,48,67,87,1,1,4,5,2,C
18,1,2,4,3,1,1,1,5,89,5,6.06,45,67,78,5,4,5,4,5,C
15,0,2,3,2,0,1,2,5,84,3,5.86,94,93,54,2,2,1,5,2,A
20,0,0,4,1,1,1,2,4,66,3,5.34,97,70,94,2,3,2,1,1,B
15,1,3,2,1,4,0,3,2,79,3,8.36,40,91,41,2,2,1,3,2,B
15,0,0,4,1,8,0,3,3,76,2,7.32,42,75,99,1,1,1,4,2,A
15,0,1,2,1,8,0,2,3,62,2,9.16,49,64,47,3,3,1,4,4,C
17,0,3,1,3,1,1,2,1,99,1,5.49,76,91,83,1,5,5,5,3,A
19,0,0,2,3,1,0,1,5,95,2,5.72,83,95,82,1,3,2,3,2,B
19,1,2,3,3,2,0,5,5,85,2,6.53,62,80,45,1,3,4,1,5,B
15,0,2,3,3,6,1,1,1,69,4,8.83,72,76,59,2,2,1,3,1,B
17,1,0,3,2,2,0,2,2,93,3,6.53,48,77,66,3,3,5,2,5,B
17,1,0,1,1,0,1,5,3,73,2,7.04,92,90,84,1,3,5,3,1,C
21,0,0,2,3,5,0,2,4,67,3,6.51,52,51,62,3,1,4,1,5,B
15,1,1,1,1,2,0,1,2,86,3,5.4,67,76,87,4,2,3,1,2,A
20,1,1,4,2,0,0,1,5,69,4,9.7,90,76,79,1,1,2,1,3,B
20,0,2,4,1,3,0,1,1,74,3,7.74,46,70,56,1,2,2,4,2,A
16,1,1,4,1,0,0,5,3,96,2,8.94,65,57,97,1,5,1,4,4,A
15,1,1,4,3,0,1,4,1,81,3,8.29,55,65,52,4,3,3,2,5,A
16,1,3,3,3,1,0,4,5,90,1,7.57,79,45,43,4,2,2,3,3,A
20,1,1,2,2,9,0,2,1,61,1,5.45,97,48,59,2,3,1,5,5,B
20,1,3,3,1,7,0,5,3,90,4,8.21,65,50,81,5,3,3,2,4,B
15,1,1,2,3,1,0,3,1,73,2,5.78,90,70,64,3,4,5,5,4,A
16,1,2,2,3,1,0,4,3,69,4,7.07,78,94,61,5,1,1,5,4,C
16,1,0,1,3,9,0,5,1,89,1,8.15,94,85,91,1,2,3,2,2,A
15,0,2,4,2,9,0,5,1,95,2,8.91,71,95,87,1,5,4,3,2,C
21,0,1,2,1,7,1,4,3,99,3,8.43,75,41,56,2,4,2,5,3,B
16,0,0,4,3,5,1,5,1,74,2,8.36,81,98,79,5,1,1,4,4,A
21,1,0,4,1,3,0,5,2,73,5,5.75,96,68,50,1,5,5,4,2,C
18,1,0,4,2,2,1,4,4,90,2,6.73,40,85,64,5,5,1,2,1,B
20,1,3,3,1,0,0,1,2,88,3,5.21,88,96,44,2,3,2,5,1,B
19,0,2,4,3,2,1,2,4,86,5,8.6,60,90,60,5,1,2,2,2,A
21,0,3,2,1,8,0,3,2,80,4,9.76,52,81,65,3,4,3,4,3,C
21,0,0,3,1,4,0,2,4,68,2,6.32,90,44,55,2,2,5,2,5,B
21,1,2,4,2,5,1,1,1,79,4,5.44,65,62,95,5,2,3,5,4,A
17,0,2,1,2,4,0,1,3,94,2,7.38,84,75,79,1,4,5,5,2,A
16,0,1,4,1,0,1,5,3,74,1,9.28,48,46,60,4,3,1,4,3,C
16,1,3,4,1,9,0,2,5,83,1,7.76,76,95,87,4,3,1,1,5,A
17,0,3,3,1,0,0,1,4,75,3,5.23,62,52,71,2,5,3,1,3,A
16,1,1,2,2,3,0,2,5,95,1,9.87,40,81,43,4,1,4,3,5,B
17,0,3,4,2,2,0,1,5,70,5,9.14,41,49,77,3,5,2,4,1,C
21,1,0,3,1,7,1,3,4,67,5,5.66,82,75,97,2,2,3,3,5,A
15,1,0,3,2,6,0,1,3,62,2,9.61,67,55,92,1,4,3,4,1,A
18,1,3,2,3,6,1,2,4,78,4,7.25,75,54,47,1,1,1,5,4,C
21,1,1,3,2,7,1,5,1,62,5,6.86,70,92,48,2,4,2,4,2,A
18,1,2,2,2,9,0,2,5,95,2,7.31,80,82,84,4,1,3,2,1,B
20,0,3,1,2,6,0,4,5,84,4,9.17,44,58,56,4,2,1,3,3,C
21,1,2,4,3,9,1,2,4,95,1,8.3,76,60,80,1,2,1,4,5,C
19,1,1,3,3,1,1,3,5,70,2,5.3,64,95,52,3,1,3,3,3,A
16,1,2,1,3,3,0,3,3,75,4,9.79,47,74,48,4,3,3,4,1,B
19,1,1,3,1,5,1,3,5,76,3,5.74,73,54,45,3,1,1,1,3,A
15,0,1,3,1,2,1,1,4,83,3,8.73,78,87,66,4,2,3,3,5,C
18,1,0,1,3,2,1,3,3,76,5,8.18,88,53,81,2,4,2,5,2,C
21,0,0,3,1,5,0,2,3,79,4,5.94,71,68,76,5,5,1,5,3,A
15,1,1,3,1,0,1,5,5,81,3,5.85,97,44,78,1,4,1,4,4,B
15,1,3,1,1,0,1,3,4,65,5,9.35,98,97,82,2,2,3,5,5,C
16,0,0,3,3,4,1,2,5,66,2,7.1,50,88,63,4,4,3,5,5,A
15,0,1,2,2,0,1,1,1,73,2,8.27,86,57,48,1,3,3,3,4,A
21,0,2,3,3,9,0,1,1,70,4,7.52,64,90,96,5,3,2,4,1,A
21,1,2,4,3,7,0,5,3,71,4,8.64,42,40,81,5,1,1,3,4,B
18,0,3,3,1,1,1,5,5,64,4,7.4,84,66,50,4,4,4,4,1,C
21,1,2,4,1,5,1,2,1,64,4,6.44,89,99,74,1,4,2,5,2,C
19,0,2,4,2,9,1,5,2,79,3,6.82,91,66,68,4,2,2,4,1,A
18,0,1,3,2,9,0,5,1,74,3,9.3,71,64,47,5,1,1,4,2,A
16,1,2,1,2,4,0,1,5,85,5,7.34,91,80,56,2,1,4,2,2,B
18,0,2,2,2,9,1,2,5,92,3,6.07,74,60,46,2,4,1,4,4,C
17,0,2,2,3,3,1,5,1,89,2,9.67,71,53,51,3,5,2,2,2,B
19,1,2,3,2,0,0,2,5,83,5,8.98,73,91,87,5,4,3,3,1,B
17,1,1,1,3,2,1,3,5,82,3,5.28,76,92,54,5,4,1,2,3,B
17,1,2,1,1,3,1,1,2,68,4,9.99,91,59,92,4,4,1,3,5,A
20,0,3,2,2,1,0,1,3,62,3,8.47,44,67,68,3,3,3,4,5,B
21,0,0,1,1,1,0,1,5,95,1,5.8,84,60,84,3,1,4,3,1,C
16,0,3,3,1,1,0,4,4,66,5,6.19,67,62,89,1,3,4,5,3,A
15,0,0,3,3,0,0,2,3,81,3,8.46,67,50,89,4,5,1,4,2,B
17,0,3,1,2,9,0,3,3,73,3,8.9,47,95,63,2,2,3,2,1,A
18,1,0,3,3,1,1,5,4,88,2,6.2,66,41,76,1,5,1,1,2,B
15,0,0,4,1,5,0,3,1,75,4,6.28,55,59,53,3,1,3,4,4,B
18,1,0,2,2,2,0,2,2,93,4,6.54,57,63,99,2,2,2,5,3,B
18,0,0,3,1,9,0,1,5,69,2,7.99,64,94,50,5,5,3,3,5,C
15,1,1,1,1,4,0,4,1,66,2,5.86,97,64,74,4,1,1,2,1,B
15,0,3,2,2,0,0,2,4,84,1,5.52,87,76,56,3,5,5,2,5,B
21,0,0,3,2,7,0,2,2,86,5,8.39,40,61,98,5,2,4,5,2,A
18,1,3,2,2,3,1,5,2,74,4,8.9,47,98,94,3,2,1,5,2,C
16,0,2,1,3,8,0,3,2,91,2,7.5,99,63,66,2,5,3,4,4,A
21,1,0,4,3,3,1,3,4,87,2,6.82,60,54,83,1,3,3,1,2,C
19,0,3,4,1,1,1,5,1,68,5,7.16,73,51,42,2,5,4,1,2,A
20,0,1,3,2,2,0,4,5,66,2,6.94,63,85,94,4,5,1,3,5,A
19,1,3,4,1,4,0,1,2,75,1,9.8,76,70,99,4,5,5,2,5,A
16,0,0,3,1,9,1,1,2,85,5,8.84,65,82,41,3,3,2,4,1,C
21,1,2,2,1,5,1,4,1,94,1,6.04,86,70,43,2,4,5,2,1,B
20,0,3,3,1,6,1,5,2,76,3,6.92,53,92,57,1,2,2,4,2,A
21,0,2,3,1,3,0,2,2,82,4,7.72,97,69,59,4,1,2,5,3,A
15,0,1,3,2,6,1,3,4,67,2,8.06,68,80,60,1,2,1,3,1,B
20,0,3,4,3,9,0,2,3,61,5,7.34,69,59,53,5,2,2,5,2,A
18,0,3,3,2,2,0,3,1,90,1,9.05,42,47,47,3,4,3,2,5,B
19,0,1,1,2,6,1,2,1,91,4,8.84,46,83,41,1,2,2,3,4,A
20,0,1,3,2,3,0,5,1,88,4,7.53,75,69,65,3,2,2,4,5,B
18,1,1,2,3,7,0,5,4,62,2,9.27,50,74,58,5,3,4,4,5,A
21,0,0,1,3,8,1,4,4,67,4,8.76,71,60,81,1,3,4,3,4,B
16,0,0,2,3,6,1,2,5,61,2,8.89,98,86,67,1,3,1,5,5,B
20,0,3,2,2,7,0,2,4,90,3,9.78,97,79,68,5,3,1,3,1,A
18,1,3,2,3,7,1,4,1,96,2,6.33,51,97,44,2,3,3,5,5,B
21,1,3,1,1,1,0,4,5,79,1,6.34,54,67,82,1,1,4,3,4,B
21,0,2,1,3,8,1,5,3,88,4,9.44,77,78,67,1,4,5,5,2,A
21,0,1,4,2,5,1,5,2,76,4,8.86,97,56,99,4,5,1,1,2,B
16,0,3,1,2,3,1,2,2,69,4,9.63,63,51,80,2,3,1,3,2,B
15,1,1,3,1,4,1,5,5,81,2,5.32,40,91,87,1,4,4,5,4,B
16,0,0,2,3,9,0,5,3,65,5,8.14,57,89,65,5,5,4,2,4,A
16,1,1,4,3,4,1,2,2,93,2,5.72,85,57,98,3,2,3,2,1,A
19,0,2,1,1,6,0,4,5,90,1,7.52,95,86,44,5,2,4,3,4,A
21,1,2,2,2,8,0,2,4,71,2,5.78,46,94,54,2,4,2,3,2,B
18,1,1,1,2,6,1,1,1,71,4,5.64,81,67,85,4,1,5,4,4,B
20,0,2,4,3,8,1,2,3,75,3,5.06,80,99,48,4,1,2,5,3,B
19,0,2,1,3,3,1,1,2,84,1,8.15,41,42,71,4,4,2,3,5,C
21,0,0,1,3,9,1,2,1,81,3,6.8,79,90,91,5,1,2,2,1,A
17,0,3,2,3,9,1,1,5,86,1,5.53,93,54,65,3,1,1,2,2,C
16,0,2,3,3,3,0,1,2,83,1,6.61,70,55,76,3,2,2,2,2,A
17,0,3,1,2,5,1,2,1,71,4,5.84,72,61,54,1,1,1,5,3,C
21,0,1,4,2,7,0,5,4,77,2,9.71,91,93,80,3,1,4,1,1,B
19,1,1,1,2,8,0,3,3,75,4,6.6,69,88,43,3,4,5,3,5,C
18,0,2,1,2,0,0,5,5,63,4,6.67,70,70,92,1,1,5,1,1,A
19,0,1,3,1,0,0,1,2,71,4,9.2,73,70,92,5,3,2,5,1,B
18,1,0,2,2,7,1,2,4,92,3,8.24,46,40,75,5,3,5,3,2,B
18,0,2,4,1,6,1,2,3,81,1,8.55,64,50,59,2,4,1,4,4,C
21,0,2,2,2,8,0,2,3,77,5,8.18,55,45,66,5,3,4,3,5,C
15,0,2,2,3,2,0,2,4,92,2,9.73,61,62,60,4,2,2,3,1,A
21,0,1,2,3,9,1,3,2,86,4,6.04,75,48,99,4,4,3,3,3,B
16,1,1,1,3,4,0,4,3,78,1,9.95,92,91,61,2,1,5,3,2,B
19,1,2,3,1,2,1,1,5,73,2,9.15,66,55,46,3,3,5,3,4,A
18,0,3,1,2,4,0,3,1,84,5,7.94,56,97,86,2,2,2,5,4,A
21,0,1,4,2,9,1,5,5,93,5,8.31,43,77,93,1,4,5,3,2,C
21,1,1,3,1,0,0,4,3,83,4,8.24,97,83,70,2,4,5,5,1,B
19,0,2,2,1,3,0,4,1,97,5,5.29,74,58,56,2,1,3,3,2,A
19,1,3,3,1,5,0,2,4,82,5,6.09,80,84,89,4,5,1,3,4,A
18,1,2,4,1,1,1,3,1,64,2,9.81,61,52,46,1,3,2,5,4,A
20,1,1,1,1,6,1,5,1,95,2,7.67,86,98,58,1,2,2,3,3,B
17,0,2,1,3,7,1,2,1,83,4,6.89,91,71,67,2,4,3,2,3,B
16,0,2,2,2,0,0,2,3,95,1,8.81,74,75,49,1,3,3,3,4,B
16,0,2,1,1,3,0,1,2,64,4,7.62,83,48,66,1,2,1,4,3,A
20,1,3,1,3,3,0,4,3,98,3,5.07,54,85,52,5,2,4,5,3,B
15,0,2,4,1,4,0,5,2,65,5,8.68,91,85,41,1,4,2,3,3,A
20,0,1,3,3,3,0,4,4,95,1,8.66,79,88,61,3,3,5,3,4,C
15,1,2,1,1,8,0,3,4,63,2,5.83,83,76,98,1,2,1,5,1,A
15,0,3,4,2,6,1,1,4,69,3,9.78,60,70,59,4,4,2,1,1,C
20,0,0,4,1,1,1,2,4,60,3,6.12,52,70,99,5,3,1,2,5,B
16,0,3,2,1,0,1,1,4,80,5,7.29,86,98,82,4,3,4,2,3,B
17,1,2,4,2,8,0,2,5,99,2,5.57,50,94,44,4,4,2,3,1,A
16,0,0,2,2,0,1,1,3,98,1,8.02,88,58,45,3,3,5,5,5,B
21,1,2,1,1,5,0,2,2,96,2,6.88,92,41,74,5,5,2,4,2,C
16,1,3,2,2,1,0,4,4,62,5,6.77,95,84,40,2,2,1,3,3,A
16,1,0,4,2,3,1,4,5,90,3,9.13,66,71,74,1,2,4,2,1,A
20,0,0,3,3,5,0,4,5,86,5,5.05,70,82,42,3,3,1,3,1,B
20,0,2,3,2,4,0,4,5,76,4,8.99,83,73,93,3,4,1,5,1,A
21,0,2,1,2,5,0,1,3,82,3,7.86,71,40,75,2,1,3,4,5,B
21,1,3,1,1,2,0,2,4,72,5,9.93,91,60,46,3,3,1,1,2,A
20,1,2,3,1,4,0,4,5,86,1,7.95,69,42,68,2,1,4,4,3,B
16,0,0,2,3,1,1,1,5,79,1,5.28,57,66,54,2,3,5,3,1,B
17,1,1,1,1,6,1,2,4,72,1,5.25,55,83,50,2,1,3,2,4,A
15,0,1,4,2,2,0,1,3,83,4,9.42,74,46,57,3,3,1,5,3,B
19,0,3,1,2,0,0,4,5,62,2,9.21,98,72,83,2,4,2,3,4,B
15,0,2,2,2,7,1,3,2,69,1,6.73,48,48,43,3,1,3,1,5,A
21,0,3,1,1,7,1,1,1,60,4,8.09,78,69,63,5,5,4,5,1,B
21,0,1,4,2,2,1,4,1,72,1,7.45,90,57,50,2,4,2,5,3,B
15,0,1,4,2,6,0,5,1,73,4,9.84,76,95,45,3,3,4,5,3,A
19,0,2,4,3,8,1,2,3,92,1,9.75,90,65,97,3,1,2,3,1,C
16,1,0,2,3,7,1,4,5,61,2,9.92,49,59,90,3,2,5,1,2,B
17,0,2,2,3,2,0,5,1,61,5,9.33,91,77,97,1,4,4,3,5,A
17,1,1,4,1,1,0,1,1,98,1,9.55,51,80,99,1,1,2,5,1,C
15,1,0,4,2,9,1,1,4,90,5,6.09,47,94,57,2,4,4,5,3,B
19,0,3,2,2,6,0,5,5,63,1,9.16,42,70,54,5,1,3,2,2,B
21,1,1,2,2,6,1,5,5,93,2,8.54,58,47,42,2,2,4,4,3,A
18,1,3,2,3,8,1,2,4,78,5,9.81,98,62,56,4,5,4,3,4,C
16,1,0,3,2,4,0,1,5,96,4,7.86,50,89,72,4,2,2,1,3,C
15,0,3,2,2,3,0,5,2,68,1,5.43,47,64,73,5,3,4,5,5,B
17,0,1,4,2,7,1,3,3,83,1,7.99,65,86,69,5,4,5,3,1,A
21,0,2,3,2,3,0,3,4,72,4,8.43,84,40,58,5,5,1,4,3,A
20,0,3,2,2,3,0,5,1,89,2,6.1,97,85,48,1,4,3,3,4,B
20,0,1,4,1,1,0,2,5,78,3,6.97,62,57,79,1,1,2,4,4,A
19,1,1,1,2,0,0,1,2,69,1,7.99,94,58,83,4,3,4,3,1,B
19,1,0,3,1,3,0,3,2,73,4,6.87,49,90,70,5,3,4,2,4,B
15,0,1,4,2,6,0,5,3,99,3,6.87,57,81,98,3,4,4,3,1,C
18,1,2,1,1,8,0,5,2,79,1,5.67,51,91,66,4,3,3,2,5,B
17,1,2,4,2,8,1,4,5,63,5,9.7,78,92,86,5,4,1,4,1,A
15,1,3,2,2,9,0,5,5,97,4,8.75,65,45,64,3,1,5,5,2,C
18,1,3,2,2,0,1,2,2,98,5,5.01,50,56,94,5,1,5,5,4,C
21,0,3,1,2,4,0,3,5,64,2,8.83,49,85,46,2,4,2,3,4,B
19,0,3,2,3,6,1,4,5,91,3,8.7,42,84,92,3,2,1,1,3,A
20,0,2,4,2,6,0,3,1,65,4,5.05,46,47,87,2,2,1,3,2,B
16,1,0,1,1,9,1,3,4,73,1,6.85,43,93,46,1,1,3,2,3,C
21,1,3,4,3,5,0,2,5,65,1,8.03,79,81,59,4,5,4,2,1,A
20,0,0,4,3,9,1,5,5,73,3,7.26,47,48,92,5,2,1,4,5,B
17,0,1,4,2,3,0,2,3,71,5,8.89,77,76,83,4,4,4,3,4,B
17,1,1,2,1,2,0,5,4,86,5,7.13,52,94,88,5,1,3,4,5,B
20,0,3,2,1,8,1,4,4,85,4,5.77,51,66,82,2,3,2,1,1,C
21,0,1,4,3,9,1,2,4,71,4,9.88,74,75,75,3,3,2,5,1,B
20,1,0,3,1,3,0,2,2,67,5,6.21,77,45,58,3,2,4,5,2,B
18,1,0,4,2,7,1,1,1,69,4,8.59,93,45,41,5,5,4,3,3,B
15,0,1,4,2,0,1,2,1,75,5,5.72,90,84,73,2,2,1,4,4,A
19,1,3,1,2,6,0,1,3,85,3,6.65,82,43,95,5,5,3,4,4,B
18,0,0,4,2,5,1,5,4,67,4,7.21,75,61,56,5,2,2,1,5,C
16,1,0,2,2,0,0,5,4,88,5,5.96,86,79,63,5,3,1,4,2,C
20,1,2,1,3,3,1,5,5,79,4,7.25,41,66,48,3,5,5,2,1,B
16,0,3,3,2,4,0,1,2,76,1,5.79,54,76,93,5,3,1,2,2,A
16,1,2,1,2,7,1,5,2,78,1,7.8,88,41,40,3,4,4,2,4,C
18,0,1,3,3,3,0,3,3,76,2,8.32,73,48,81,1,4,5,3,3,B
19,1,1,1,3,2,0,2,1,98,5,5.31,78,50,67,2,1,1,2,5,C
21,0,2,1,3,1,1,1,4,60,2,9.36,65,59,94,1,3,3,2,1,A
17,1,3,3,1,3,1,5,3,88,5,5.93,87,91,54,5,3,2,5,1,B
15,1,0,2,1,9,0,3,2,73,4,6.13,44,82,60,3,1,5,3,1,A
17,0,1,2,2,3,0,2,2,76,5,8.31,87,78,54,2,4,3,2,3,C
19,1,3,2,2,9,1,2,2,72,1,7.34,64,97,96,4,4,1,1,4,C
17,0,3,1,2,4,1,5,4,88,4,7.5,90,53,62,2,5,4,2,4,B
20,1,1,4,1,6,1,3,4,93,1,5.64,73,65,92,2,5,4,3,2,A
20,1,1,1,2,8,1,1,4,86,4,9.03,86,77,41,5,4,3,4,2,A
18,0,3,4,2,1,1,5,5,92,5,8.09,43,69,85,1,2,4,5,4,B
16,1,0,4,1,4,1,2,1,88,5,5.68,73,75,75,1,3,2,5,1,B
19,1,2,2,3,9,0,2,2,96,1,6.87,66,77,89,4,5,3,3,3,B
19,0,1,4,1,8,1,2,2,98,3,9.05,94,74,48,5,2,3,2,4,B
17,1,2,1,2,2,1,5,5,78,5,7.84,81,94,41,2,5,4,1,3,B
18,0,3,1,1,0,1,4,2,83,3,5.54,93,45,41,1,1,3,2,5,A
17,0,2,2,3,1,1,4,2,73,4,6.86,95,42,57,1,3,1,2,1,B
17,0,0,3,3,5,0,4,4,96,3,6.21,68,40,56,3,5,5,1,5,B
19,1,3,1,3,4,0,3,4,64,1,7.59,44,99,80,2,4,5,5,4,C
17,1,0,4,3,0,0,5,1,83,2,9.22,57,97,47,5,1,4,2,2,B
16,0,3,1,3,0,0,2,2,93,2,7.18,43,92,73,1,1,2,4,4,B
17,1,0,1,3,3,1,3,3,90,1,7.17,40,97,73,5,4,2,4,5,A
16,0,3,1,2,3,0,4,2,89,2,9.53,89,57,44,2,1,4,3,3,C
19,1,0,3,2,5,1,1,2,68,1,7.88,59,62,83,2,3,4,3,4,A
18,0,3,4,1,5,1,3,1,86,5,7.83,45,71,68,1,5,3,1,2,B
20,0,0,2,2,9,0,3,3,87,3,6.31,59,68,67,4,1,2,1,5,C
16,1,3,1,3,5,0,5,2,85,2,8.04,59,62,55,5,3,5,3,4,B
18,0,0,4,2,0,1,3,3,77,5,7.88,85,75,53,5,4,4,2,5,B
18,0,1,4,1,9,0,5,4,95,2,6.98,66,45,91,3,5,5,5,5,A
16,1,2,2,3,8,0,1,4,67,4,9.95,65,56,41,2,4,5,4,1,C
19,0,3,1,2,6,1,2,3,77,1,9.41,71,57,95,2,5,2,1,3,A
15,0,0,3,2,6,1,2,2,79,1,8.75,49,70,79,1,1,5,3,1,A
18,1,1,4,1,6,1,4,3,91,5,7.69,57,45,43,1,1,3,4,5,A
18,0,3,2,3,1,1,4,3,88,4,7.31,80,73,91,1,5,3,1,2,A
19,0,3,3,1,1,1,1,4,77,3,5.92,51,83,80,3,3,2,1,2,C
19,0,3,4,3,5,0,2,3,66,4,6.53,49,83,91,4,3,3,2,1,B
17,0,2,1,3,6,1,4,5,60,4,8.87,63,66,70,1,3,4,1,2,B
19,0,0,4,2,2,1,3,5,87,3,7.27,63,75,65,1,2,2,5,5,C
18,0,0,3,1,3,1,5,4,92,3,9.41,92,87,66,1,3,5,1,4,A
16,0,3,3,1,2,0,4,2,63,4,5.74,90,91,96,3,1,4,5,5,A
15,0,3,1,1,6,1,1,2,79,2,7.54,77,81,90,5,2,2,2,4,B
21,1,3,1,3,6,1,2,4,95,2,8.23,85,64,73,4,3,5,5,2,B
17,0,1,2,1,3,0,1,2,90,4,7.58,64,49,70,5,1,5,4,3,B
21,0,3,1,3,6,1,5,1,97,2,9.45,47,78,87,2,2,5,1,3,A
16,1,2,2,1,4,1,5,5,87,3,9.95,94,85,50,2,1,5,3,5,B
15,0,0,3,1,0,1,1,1,62,3,5.58,53,78,47,1,5,5,3,5,A
15,0,2,3,2,9,0,4,1,65,2,5.65,82,51,51,5,1,2,5,2,A
15,0,3,4,1,3,0,4,1,82,3,5.65,70,50,74,3,2,3,2,3,A
20,0,1,4,2,6,1,2,4,66,1,8.41,63,88,84,4,3,5,5,3,B
16,0,3,2,2,1,1,2,1,95,3,6.86,55,82,73,5,2,4,5,5,B
17,0,3,1,3,1,1,3,3,60,4,8.67,59,92,52,5,3,2,5,3,B
17,1,3,1,1,0,0,3,2,65,5,7.03,77,42,66,4,3,1,4,5,C
15,1,3,4,1,1,0,2,4,83,2,8.14,86,90,47,5,4,3,4,1,C
16,1,3,3,1,9,0,3,3,96,2,8.85,54,61,86,5,5,4,5,3,B
20,1,0,2,2,7,0,1,3,95,3,7.74,53,43,95,4,4,5,2,4,C
15,1,2,3,1,7,0,4,5,83,3,7.7,92,47,60,3,2,2,1,2,C
19,0,1,3,3,7,0,3,5,97,5,5.44,51,53,80,4,4,2,3,5,B
21,0,3,1,3,0,1,3,3,88,5,7.05,73,59,50,1,3,5,4,3,B
17,0,1,2,1,0,0,1,5,96,4,7.73,47,63,61,1,2,4,1,3,C
21,0,0,3,2,9,1,5,2,91,1,7.31,58,53,60,1,4,2,4,5,B
18,0,2,4,3,3,0,2,2,84,4,9.5,85,67,67,1,1,3,4,4,A
15,1,3,4,3,5,1,1,5,69,2,9.53,44,55,42,2,5,4,4,3,B
19,1,0,1,2,7,0,5,1,94,3,9.11,95,71,46,3,1,5,5,1,A
17,0,0,4,3,1,1,1,3,84,4,6.88,66,86,53,2,2,4,5,2,B
21,0,2,4,2,2,1,4,2,86,3,8.59,80,51,54,5,4,4,4,5,A
20,0,3,3,3,5,1,1,5,91,3,6.98,52,55,48,5,3,1,4,3,A
16,1,2,4,2,9,0,1,5,71,4,6.16,71,91,91,4,4,5,3,2,A
17,1,2,4,3,3,0,4,2,63,4,6.71,70,58,82,1,2,3,1,5,C
21,0,1,3,1,1,0,2,2,85,5,5.35,80,44,46,4,2,5,1,5,A
16,1,1,1,3,6,1,5,1,62,1,6.66,85,51,51,5,2,1,2,5,A
21,0,2,1,3,3,1,3,5,76,5,7.3,76,68,58,1,2,5,2,4,A
16,1,1,2,1,7,1,2,5,68,1,9.78,41,44,66,3,4,5,2,1,B
20,1,0,4,1,7,0,1,4,88,4,6.57,46,81,57,5,1,3,5,5,C
20,0,2,3,1,6,0,3,1,60,1,9.51,87,97,52,4,3,1,5,4,A
15,1,3,2,1,9,1,4,2,77,2,6.14,50,56,82,4,3,5,3,5,A
15,1,3,1,2,8,0,2,2,79,5,5.95,50,86,40,5,5,5,5,5,B
17,0,0,1,2,3,0,5,3,93,5,7.59,62,47,77,2,2,2,2,4,B
20,1,3,3,3,6,0,2,2,87,5,8.36,70,79,60,3,2,5,4,1,A
19,0,3,2,3,9,0,2,5,94,3,5.22,83,79,73,5,2,3,2,2,B
21,1,2,2,3,9,1,3,2,75,3,6.11,84,69,52,5,1,2,3,3,B
21,0,0,3,2,0,0,4,5,80,4,7.28,47,49,84,4,2,1,4,5,B
21,0,2,3,3,3,0,4,5,72,4,6.66,95,59,90,1,5,4,5,1,C
17,1,0,2,3,1,1,2,1,94,3,8.56,71,84,80,1,5,3,4,3,A
21,1,2,1,2,8,1,4,2,91,5,7.56,87,55,90,1,1,1,3,5,A
18,0,2,4,3,4,0,3,1,97,3,5.8,60,80,62,4,2,2,5,3,C
16,1,1,1,2,2,0,3,5,65,1,9.47,70,55,40,1,4,4,1,4,C
21,1,3,3,2,3,0,5,2,97,5,6.46,40,81,62,5,4,1,2,1,A
16,1,0,2,1,5,0,4,2,97,3,8.66,52,42,96,2,3,3,2,1,C
15,0,3,2,1,9,1,5,1,72,4,8.9,50,62,67,2,1,2,3,2,B
21,0,1,4,2,0,1,1,1,98,3,9.82,68,61,98,2,4,3,3,2,A
19,0,0,2,2,6,1,3,5,72,2,7.49,43,96,71,1,3,3,2,3,B
20,1,1,4,1,7,0,2,5,71,3,8.08,75,67,47,2,5,2,4,4,A
20,1,3,1,3,6,0,3,2,92,5,6.67,54,85,94,1,3,5,1,3,A
15,0,2,1,3,6,1,1,2,87,3,8.39,98,84,65,5,2,3,1,5,A
18,0,1,2,3,8,0,2,4,62,4,7.32,42,75,53,5,2,2,3,1,B
17,1,1,2,2,3,1,4,4,77,1,7.19,95,43,63,4,5,3,3,3,C
17,1,2,3,1,6,1,4,3,85,2,9.28,90,77,87,4,1,5,4,3,B
19,1,3,3,3,8,1,3,5,99,5,5.25,68,63,68,3,2,2,3,1,B
15,1,1,2,1,4,1,2,3,61,4,9.41,60,58,43,5,2,1,1,1,B
15,0,3,2,1,1,1,2,3,63,2,9.26,41,50,57,1,3,1,2,2,B
18,1,2,1,2,4,1,5,1,87,3,7.53,45,79,53,3,3,1,1,2,C
21,1,0,2,3,3,1,1,1,87,2,7.45,70,85,66,5,3,4,4,1,B
17,0,1,3,1,7,0,4,4,84,1,6.81,93,79,80,1,4,3,2,3,B
21,0,3,1,2,4,1,3,3,85,2,9.97,63,85,86,5,5,3,2,5,B
15,1,2,4,2,8,1,2,4,61,2,5.56,79,94,42,5,1,2,1,3,C
21,0,2,3,2,8,0,4,5,93,3,7.95,56,78,69,1,3,4,2,5,A
20,1,1,3,3,2,1,3,2,89,3,8.41,44,92,98,5,1,3,2,1,A
19,1,0,1,3,9,0,4,1,80,5,9.67,41,57,75,5,3,2,3,5,B
17,0,1,4,2,5,1,3,5,96,3,8.9,97,51,62,5,2,5,2,2,C
18,0,3,3,3,5,0,4,5,82,2,8.22,51,53,57,4,1,3,4,1,B
19,1,2,2,3,3,0,5,1,92,1,5.58,44,86,85,2,4,3,2,4,C
16,0,0,3,1,9,0,1,1,61,3,6.87,81,57,86,5,3,5,3,5,A
20,1,3,1,2,2,1,4,3,86,5,5.69,99,83,79,1,5,5,5,5,B
18,1,1,1,2,0,0,1,4,81,5,9.41,80,81,99,5,2,3,5,4,B
19,1,2,1,3,6,1,4,5,93,2,8.75,59,51,49,4,3,5,4,4,B
15,0,1,3,2,4,1,2,3,75,3,8.79,47,79,95,4,1,2,4,1,C
16,1,0,4,2,9,1,5,3,79,3,8.26,40,66,51,5,3,3,2,3,C
18,1,0,2,2,6,1,5,5,85,5,7.54,95,45,92,3,2,3,2,4,B
15,1,0,1,3,0,1,1,5,75,3,5.75,45,63,80,2,5,1,5,5,B
20,0,0,4,3,7,1,2,2,65,2,6.65,95,90,47,1,5,3,5,4,C
16,1,0,2,3,2,1,3,4,82,1,5.68,93,72,71,1,5,1,1,1,B
17,1,1,1,1,6,0,5,5,96,2,8.62,50,84,56,1,2,5,5,1,C
15,1,0,2,2,2,1,2,1,67,3,5.8,42,93,80,1,3,5,5,5,C
19,0,0,2,1,2,1,2,2,65,2,8.51,70,55,84,4,2,2,4,5,B
21,1,2,4,3,9,0,1,4,96,4,8.46,67,89,53,2,2,1,1,5,C
18,1,0,2,1,8,1,2,1,81,4,7.3,86,51,76,5,3,3,1,3,B
16,0,2,1,2,1,0,2,1,65,3,5.68,82,70,48,5,4,1,2,5,A
15,0,2,4,2,3,0,3,4,91,3,6.57,95,96,96,3,5,5,2,1,B
17,1,2,3,3,5,1,1,2,76,1,6.6,44,76,97,5,1,5,1,1,A
21,1,1,3,3,2,1,1,1,97,2,8.5,99,92,65,2,1,2,1,4,B
18,1,1,4,1,9,0,2,3,76,1,5.57,65,52,87,5,3,5,2,5,C
18,0,3,3,3,9,1,3,4,96,3,9.15,55,97,90,4,1,1,4,3,A
15,0,3,2,1,6,0,4,4,82,3,8.81,92,47,63,5,4,3,4,2,A
17,1,2,1,2,6,0,5,5,72,5,5.93,70,77,62,1,2,3,4,4,B
20,0,1,2,2,4,1,1,2,91,1,8.6,67,42,70,1,5,1,4,3,B
21,1,0,4,2,2,0,3,3,81,3,8.34,46,96,78,1,1,2,2,5,B
20,1,3,1,2,1,1,3,3,66,4,8.74,77,97,83,1,1,3,3,3,B
16,0,1,4,2,3,1,2,5,81,5,5.94,48,59,97,4,3,1,5,2,A
15,1,0,4,1,3,0,5,1,80,2,5.79,78,97,41,4,3,1,5,3,A
21,0,0,4,2,7,0,1,1,65,5,6.18,74,43,89,4,2,5,5,2,C
16,0,1,2,1,7,1,4,3,73,2,6.83,82,83,57,5,5,5,5,2,A
20,1,3,1,2,4,1,2,2,75,4,8.97,66,84,55,1,1,2,2,2,B
21,0,1,1,1,5,1,1,1,62,2,8.69,51,41,68,3,2,2,3,3,C
18,1,3,1,1,7,0,1,4,68,1,9.63,92,90,50,3,5,2,2,5,C
16,0,2,2,1,0,1,3,5,80,2,5.29,64,75,41,1,2,1,3,1,A
17,1,1,3,3,4,0,5,2,89,2,5.06,82,62,53,2,1,1,2,1,B
19,1,1,2,1,3,0,4,1,89,5,8.5,68,84,43,5,3,5,1,3,C
20,1,3,2,1,3,0,5,3,91,4,6.4,70,58,78,3,3,3,3,5,B
20,0,3,4,2,1,1,3,5,82,2,6.67,97,79,73,4,3,2,5,1,C
17,1,1,1,1,9,0,4,1,62,1,7.73,73,47,92,2,4,4,3,2,B
21,0,0,1,1,0,1,4,3,60,5,5.51,72,55,85,4,2,2,4,3,A
21,0,0,3,3,5,0,2,1,62,4,8.21,66,97,78,2,1,5,3,3,B
21,0,0,3,2,6,1,4,5,96,4,6.63,95,82,48,2,2,1,4,4,B
16,0,2,4,3,4,1,1,4,66,3,8.16,95,57,79,5,3,5,4,4,B
15,0,2,1,3,7,0,5,4,62,1,9.17,41,75,80,4,2,5,1,4,A
18,1,3,3,3,8,1,5,3,95,5,5.86,53,63,46,4,5,5,3,5,A
19,0,2,3,1,1,0,2,4,62,5,9.65,52,40,90,3,2,4,1,3,C
15,1,0,1,3,3,0,4,5,63,1,7.65,63,40,56,1,4,4,5,4,A
15,1,1,2,3,8,0,3,3,90,4,9.61,44,85,97,1,4,2,3,3,A
17,0,2,3,2,4,0,1,1,61,2,6.04,73,75,62,3,3,1,2,2,C
16,1,2,1,2,2,0,2,2,73,1,8.02,94,50,84,2,1,5,2,4,B
20,1,0,3,2,5,0,4,1,96,5,7.02,62,57,50,3,5,3,2,3,A
20,0,2,4,2,2,0,3,5,90,1,8.87,58,55,61,3,1,2,4,5,B
17,1,3,3,3,4,1,4,3,61,4,8.03,69,56,57,4,1,2,2,5,B
16,0,1,1,2,2,0,2,1,90,3,7.47,88,63,88,3,5,5,5,5,B
17,0,0,3,1,5,0,3,3,81,3,9.56,82,73,67,2,4,2,3,4,C
20,0,3,4,3,9,1,3,4,69,2,6.89,55,43,55,1,3,5,3,5,A
15,1,0,4,2,4,1,3,2,89,2,6.1,91,74,81,5,2,2,4,1,B
18,1,3,3,3,8,0,3,5,92,4,8.04,89,54,43,3,4,1,4,2,A
21,1,1,3,2,2,0,4,1,78,2,8.12,91,41,75,3,3,2,4,3,B
16,1,1,4,3,5,0,3,2,84,3,7.2,79,95,61,4,4,2,5,1,C
19,0,3,4,2,7,1,4,5,60,4,7.43,73,90,50,4,5,3,3,4,A
19,0,3,2,1,6,0,3,5,91,4,9.8,88,70,60,3,1,1,1,3,B
15,1,3,2,2,5,1,3,4,84,4,8.66,50,48,96,3,5,1,4,3,A
17,0,3,4,3,1,0,2,3,76,1,5.55,53,49,79,2,2,1,2,5,A
17,1,3,3,3,6,0,4,3,73,2,6.06,87,92,80,1,5,2,1,3,B
20,0,3,1,1,7,1,4,2,72,5,9.88,86,64,55,1,1,4,1,3,B
15,0,1,3,3,0,0,5,4,97,3,8.63,54,90,81,5,4,2,4,2,A
20,0,3,3,1,8,0,2,5,98,2,9.58,74,99,94,1,3,5,2,4,C
20,0,2,2,3,3,0,4,4,61,3,6.52,97,44,48,5,2,3,4,1,A
19,0,1,2,3,7,1,2,4,91,2,8.71,46,53,74,4,4,1,4,5,A
20,1,0,2,1,9,0,2,2,91,5,8.57,68,81,96,5,3,5,2,2,A
21,1,1,4,3,6,0,2,3,99,3,6.47,83,87,73,5,1,5,1,1,A
20,0,0,4,3,9,1,1,4,65,5,7.75,93,77,48,1,5,4,1,1,A
19,1,0,3,1,6,1,4,4,84,3,8.14,61,96,52,3,4,1,2,2,C
21,0,2,3,2,1,0,2,4,62,1,7.41,62,79,45,4,3,2,1,5,B
17,0,3,1,1,0,0,1,1,77,1,9.14,63,41,43,2,3,1,5,4,B
16,0,3,3,3,3,1,1,4,97,3,9.16,74,57,99,5,5,3,4,2,C
18,0,1,3,2,1,0,3,4,62,3,9.25,90,68,85,5,4,1,5,2,B
20,1,3,2,2,7,0,3,5,64,5,9.02,49,92,67,5,4,5,5,2,A
21,0,2,2,2,9,1,4,1,83,4,7.44,47,92,50,3,1,5,5,5,A
16,1,1,2,1,6,0,3,4,93,3,6.91,87,92,73,2,4,2,3,2,A
19,0,1,2,2,7,0,4,4,98,2,9.16,87,59,97,1,5,2,3,2,B
16,0,1,2,2,5,1,1,2,83,2,7.45,51,47,74,4,4,2,5,3,A
18,1,3,1,2,0,0,1,2,95,2,6.23,68,98,44,3,1,3,4,3,B
16,0,3,1,3,8,0,4,1,87,1,7.54,68,76,96,2,3,1,5,3,B
21,0,3,1,1,5,0,3,5,93,5,5.71,62,88,78,4,4,4,5,3,C
16,1,1,2,1,9,1,3,1,75,1,8.46,65,87,50,1,5,1,3,2,C
16,1,1,4,3,0,0,4,1,95,2,6.68,76,65,51,4,4,2,5,3,A
16,1,0,2,2,0,1,5,2,66,3,6.3,71,76,82,5,2,3,4,1,A
15,0,0,2,3,7,1,3,2,77,2,9.78,91,88,58,5,1,1,4,4,B
20,0,3,1,3,5,0,2,5,65,3,8.88,77,43,52,3,3,5,5,3,A
19,1,1,2,2,7,1,3,4,87,5,8.94,96,72,43,4,2,1,4,5,A
18,1,3,1,2,7,0,5,5,98,4,8.12,45,61,53,5,5,5,5,4,B
19,0,3,2,1,7,0,1,4,93,3,9.2,47,45,83,3,4,1,3,1,B
15,0,0,3,2,9,0,1,3,88,1,8.8,56,72,98,3,1,1,5,4,C
15,1,2,4,3,6,1,1,2,63,2,7.99,51,67,41,3,4,1,1,4,B
21,1,3,4,3,6,0,3,3,73,2,9.81,61,63,47,1,4,2,3,1,C
15,1,2,1,2,9,0,1,3,64,2,5.96,53,43,61,5,4,5,4,3,C
20,1,2,3,1,3,0,5,2,84,3,9.72,73,41,90,5,4,3,4,1,A
15,0,1,4,3,8,1,5,3,98,5,7.01,58,52,52,2,1,4,3,5,B
16,0,1,1,2,1,1,3,1,67,3,7.64,45,85,60,1,2,5,1,1,B
19,0,3,2,1,8,0,2,4,74,1,5.61,57,88,60,5,5,2,3,2,B
17,0,0,2,1,9,0,3,5,78,2,7.7,75,50,67,5,2,5,2,2,B
18,1,0,3,3,2,0,1,2,70,3,8.06,93,74,72,2,1,3,1,4,B
15,0,3,4,3,1,0,3,1,79,2,9.99,76,78,68,4,5,5,3,3,B
19,1,3,2,1,3,1,5,5,95,1,9.88,77,49,76,4,3,2,2,3,A
21,0,0,1,1,4,1,3,5,77,4,9.83,54,82,61,1,2,2,5,2,C
15,0,2,2,1,1,1,3,5,73,4,6.74,77,49,97,3,1,4,1,5,B
20,0,3,2,2,0,1,2,3,97,4,9.96,79,47,65,2,1,3,5,1,A
15,1,2,4,3,9,1,5,3,84,2,7.28,48,44,98,2,1,4,2,1,A
15,0,3,4,1,4,1,4,3,75,3,9.26,92,62,50,5,5,1,4,1,C
15,1,3,1,3,8,1,4,3,77,2,6.08,93,73,50,5,4,2,4,5,B
21,1,2,3,3,4,0,5,1,60,5,7.53,45,99,84,2,3,4,4,5,C
15,0,2,3,3,9,0,4,3,99,3,9.83,93,99,73,3,5,2,5,1,C
18,1,0,2,1,8,0,1,2,60,1,9.74,41,86,58,4,5,2,1,1,C
19,0,3,1,2,9,0,4,5,60,4,8.42,55,71,87,1,2,1,5,5,B
20,1,1,3,1,5,0,1,1,80,3,8.99,91,55,97,4,3,2,5,1,A
15,0,1,3,3,2,0,5,3,84,3,5.88,40,43,76,1,1,4,4,5,A
15,1,3,2,1,3,1,4,5,86,4,8.61,69,93,53,3,5,3,5,4,B
15,1,3,1,1,3,0,4,1,69,1,8.09,99,99,68,2,3,5,2,2,B
15,0,3,3,3,0,1,1,5,71,2,5.46,87,67,58,3,2,4,3,2,B
16,0,2,4,3,2,0,1,1,87,2,5.57,72,87,76,2,4,1,3,5,B
16,0,1,4,1,2,1,3,4,91,3,5.54,40,83,60,5,3,5,3,1,B
17,0,1,2,1,0,1,2,1,92,4,8.62,78,99,63,1,1,2,4,2,A
15,1,1,2,1,8,0,4,3,67,5,5.71,55,53,65,5,5,4,4,3,A
17,1,3,2,1,0,0,2,5,85,1,7.34,56,51,80,2,4,5,3,1,C
18,1,2,2,2,8,0,2,5,61,2,6.78,87,99,95,1,2,4,1,5,A
17,1,3,3,1,0,0,4,5,94,1,7.75,87,60,51,1,1,2,3,3,B
19,0,0,1,2,1,0,1,2,93,1,8.53,77,87,87,5,4,4,5,5,B
16,1,0,2,3,1,1,3,2,65,1,8.42,57,55,58,1,2,1,3,1,C
16,0,1,2,2,5,0,5,3,90,4,7.58,61,93,86,2,1,5,3,4,C
15,1,3,3,3,6,1,4,4,82,4,7.32,61,83,88,2,5,5,1,4,B
15,0,0,2,2,0,1,4,2,71,4,6.99,99,41,69,5,2,5,4,4,B
18,0,0,2,3,2,1,5,1,87,3,9.31,98,62,54,3,4,4,4,1,A
20,0,3,1,1,1,0,2,3,74,4,6.65,74,95,42,2,1,2,5,1,B
18,0,2,4,2,7,0,3,4,78,3,6.3,70,68,88,2,3,4,3,3,C
19,0,3,2,2,8,0,2,1,71,2,8.72,79,85,52,1,1,4,2,1,B
15,1,3,3,3,1,0,5,5,61,2,6.8,66,82,98,1,4,5,5,1,B
15,0,2,1,3,1,0,5,2,70,2,9.23,75,48,48,2,4,2,4,3,A
18,1,1,3,2,9,0,3,1,96,2,6.64,94,93,99,5,3,3,1,3,C
18,1,1,1,3,8,1,5,4,97,2,8.51,43,46,52,3,4,2,4,5,A
18,0,1,1,1,3,0,5,3,84,4,5.23,88,68,55,1,1,4,4,2,C
16,1,2,2,2,4,1,3,1,80,5,6.93,93,83,90,1,2,1,1,2,B
17,1,0,2,1,8,1,4,3,95,4,6.72,44,56,53,3,1,2,3,5,B
17,1,2,2,2,5,0,2,5,68,5,9.08,64,48,47,1,4,5,3,4,A
15,0,3,4,1,9,0,4,4,71,4,9.84,70,45,93,5,3,1,4,1,A
16,0,2,4,2,8,0,4,4,69,2,7.3,53,83,58,1,3,3,5,3,C
18,0,0,3,3,8,0,2,2,64,1,9.12,69,59,96,1,5,3,2,3,C
15,0,0,2,2,6,0,4,4,92,5,8.5,86,49,95,2,3,1,5,4,B
16,1,3,4,1,9,0,3,1,64,1,9.84,96,48,71,5,3,3,5,3,B
19,1,1,2,2,8,1,2,1,75,2,9.06,51,51,74,5,4,1,4,4,B
20,1,0,4,1,4,1,1,1,96,5,5.39,66,72,62,2,2,4,4,5,B
16,1,0,4,1,4,1,4,5,96,1,8.57,84,71,60,4,2,1,2,4,B
21,1,0,1,1,7,1,5,4,88,4,7.68,63,73,57,3,4,4,2,2,B
15,1,3,2,3,9,1,2,4,77,2,5.08,94,58,87,5,3,5,2,4,C
17,0,0,2,2,3,1,1,1,88,4,6.26,69,72,53,4,1,5,4,5,C
21,1,1,4,1,8,0,5,2,65,4,9.61,57,87,55,3,2,3,4,4,B
18,1,3,2,3,6,0,1,2,77,2,9.63,53,55,63,5,4,1,5,5,C
20,1,1,4,1,6,0,4,4,91,5,8.99,95,89,88,1,1,4,4,2,B
19,0,0,2,2,2,1,5,4,90,3,9.91,58,89,91,5,3,5,3,1,A
20,1,0,1,3,3,1,4,3,70,3,9.03,61,62,71,3,4,5,3,5,A
20,1,1,2,1,6,1,5,4,85,2,5.05,65,65,50,4,2,5,2,1,B
16,0,3,1,1,4,0,2,1,87,3,6.44,46,84,84,1,1,3,4,5,C
15,1,3,3,1,2,0,3,5,86,1,5.15,67,93,50,3,1,5,3,4,C
15,0,1,2,2,0,0,3,4,78,5,5.47,77,83,99,3,2,2,5,1,B
20,0,0,2,3,6,1,1,4,86,4,6.09,44,80,43,5,1,3,1,5,A
18,1,2,2,3,5,1,5,1,79,4,7.52,75,76,65,2,2,1,5,5,A
15,1,1,1,3,9,1,4,3,62,2,9.24,57,48,85,2,4,2,1,1,B
20,0,1,2,1,6,0,2,4,75,4,9.31,96,69,44,1,5,3,5,5,C
15,1,1,2,3,1,1,2,2,98,1,8.08,53,52,75,3,3,3,3,1,C
18,1,0,4,1,3,0,2,2,88,1,9.64,87,87,72,4,4,4,4,2,A
19,0,3,3,2,1,0,3,2,74,2,7.5,62,99,53,1,3,2,1,3,C
21,0,0,1,3,7,0,4,5,89,4,9.45,94,81,71,1,3,2,4,2,B
20,1,1,4,1,6,0,2,5,99,3,7.27,91,55,46,5,2,2,4,1,A
17,0,0,1,3,0,0,2,4,60,3,6.39,53,85,49,4,5,5,3,4,B
17,1,0,4,3,1,0,1,4,88,5,9.58,71,96,98,3,3,5,2,4,C
20,1,1,3,2,1,0,5,4,89,2,6.94,44,41,41,3,3,1,2,3,A
16,1,0,4,3,3,1,5,5,99,5,7.52,61,70,49,3,4,1,1,1,C
19,1,2,1,2,2,0,5,4,91,3,6.64,67,99,74,1,5,1,3,5,A
16,0,0,2,3,0,1,1,1,69,3,8.31,82,96,60,5,5,5,4,2,A
21,1,0,2,3,1,0,3,3,86,3,9.98,51,90,79,1,3,4,5,2,A
17,0,3,3,3,8,0,1,2,67,5,5.13,57,82,81,2,5,1,5,3,C
18,1,3,1,3,0,0,2,2,95,2,9.5,75,58,47,2,4,3,1,3,B
20,1,1,1,3,8,1,4,1,94,1,5.02,70,99,85,3,2,5,1,3,C
21,0,1,1,3,6,0,2,4,95,1,6.82,52,50,57,5,3,4,1,3,B
15,1,3,3,2,1,0,2,5,95,3,5.84,59,53,48,3,1,3,3,3,B
17,0,2,2,2,1,1,4,4,84,2,8.79,99,86,93,3,3,3,5,3,C
19,0,0,4,1,4,1,5,4,79,2,5.25,84,64,80,1,3,5,3,5,B
17,1,2,3,3,4,1,1,2,76,4,7.77,75,46,69,3,2,2,3,5,C
19,1,2,4,2,3,1,3,2,82,4,6.47,94,54,43,3,1,4,4,2,A
19,1,3,2,3,9,0,2,5,84,5,5.67,94,69,74,5,1,5,3,2,B
20,1,1,3,3,9,0,2,2,90,4,8.86,46,98,53,5,1,2,3,3,C
19,0,0,2,2,2,1,3,4,65,5,6.09,62,70,53,5,2,5,4,2,C
16,1,1,4,3,3,0,1,1,94,1,6.12,73,63,92,3,5,5,2,3,A
21,1,2,1,2,9,1,2,5,63,3,6.38,92,94,87,5,1,3,4,5,B
18,1,2,1,2,3,1,3,1,99,2,7.93,97,64,76,5,5,5,1,4,B
17,1,1,4,1,1,1,2,4,79,1,8.3,89,47,59,4,4,2,2,5,B
18,1,1,1,1,4,0,5,5,60,1,5.09,71,69,68,4,2,3,5,1,A
21,0,3,4,1,4,1,5,1,85,5,6.21,60,75,62,2,5,2,3,5,A
15,1,1,3,1,4,0,2,5,93,3,7.15,99,89,95,1,1,2,2,1,C
21,0,1,3,3,9,0,2,4,69,5,6.66,45,53,86,1,1,3,5,2,C
17,1,3,3,3,0,0,5,5,82,1,9.42,55,68,60,5,5,2,4,5,B
18,1,1,1,1,5,1,2,4,83,2,8.94,74,66,70,2,5,1,4,4,C
18,1,2,2,2,1,0,1,5,72,4,8.13,93,92,71,2,4,5,1,5,A
20,0,1,1,2,6,1,1,5,88,5,6.69,86,89,80,4,2,3,1,5,B
20,1,0,1,2,3,0,4,2,86,1,8.5,92,75,46,2,3,3,2,5,C
21,0,2,2,2,4,0,1,4,90,4,9.22,59,99,52,3,4,1,3,3,C
21,0,3,2,3,4,0,2,3,69,4,7.97,81,73,62,5,4,1,4,5,B
15,1,2,2,2,4,1,2,5,90,1,8.92,80,60,47,3,4,1,2,5,C
19,0,3,2,2,1,1,3,1,98,3,8.75,50,77,51,1,1,1,2,4,B
17,1,0,1,1,4,1,1,2,69,1,7.86,71,50,75,4,5,4,2,1,C
20,1,0,4,2,2,1,5,2,83,2,6.56,53,72,55,3,2,3,1,1,B
17,0,2,3,3,3,0,5,5,92,4,8.73,63,54,65,5,1,2,4,4,C
15,1,1,4,2,1,0,4,3,73,2,6.03,83,51,68,3,4,3,1,2,A
20,1,2,1,2,3,1,3,2,94,5,8.9,78,63,68,3,2,3,1,5,B
20,0,2,2,3,8,1,5,4,93,4,9.02,82,89,45,2,1,3,2,2,B
19,0,0,3,1,7,1,4,5,76,3,9.11,70,76,76,4,3,1,5,4,B
17,0,3,3,3,2,1,1,5,80,1,7.36,56,50,72,1,4,1,5,2,B
17,0,2,4,1,0,0,3,3,91,5,5.96,64,95,70,5,1,4,5,1,C
17,0,1,1,2,0,1,3,4,62,2,5.5,48,92,85,5,1,3,2,3,C
19,0,0,1,1,5,1,2,4,74,5,8.72,61,58,80,1,4,5,3,2,A
20,1,2,1,1,2,0,1,3,67,3,9.43,94,93,57,5,3,4,4,3,C
15,0,2,3,1,3,1,3,1,91,1,8.25,84,40,77,2,5,1,2,2,A
17,0,1,4,2,0,0,4,4,97,5,5.72,87,56,86,3,3,3,2,4,B
18,1,2,3,1,7,1,5,1,85,2,9.67,74,79,70,2,4,1,1,3,C
19,1,2,3,1,0,0,1,1,89,5,9.95,76,94,55,2,5,2,5,2,A
16,0,2,2,2,4,1,1,5,68,1,7.17,94,55,79,2,1,1,2,4,C
15,0,2,4,3,5,1,3,5,91,5,7.97,56,65,90,1,3,1,3,1,C
18,1,1,2,3,1,1,3,2,70,2,8.89,67,97,76,4,3,4,4,5,B
17,0,2,1,3,6,1,3,5,81,1,8.68,40,82,53,1,5,2,3,4,B
16,0,2,3,2,6,1,4,4,93,3,9.84,92,98,78,1,1,5,2,4,B
15,1,2,4,2,0,0,2,4,77,3,5.57,48,90,43,2,3,5,2,1,C
19,0,0,1,3,3,1,3,1,78,4,7.9,94,95,69,4,5,5,1,3,A
16,1,1,4,1,3,0,2,4,77,5,8.46,88,82,99,1,3,3,3,2,B
20,0,0,3,3,4,0,2,5,96,2,9.45,52,54,92,4,1,5,1,3,A
21,1,0,4,2,0,0,1,5,77,5,9.37,86,47,72,2,1,3,3,4,A
16,1,1,1,1,0,0,5,5,71,1,9.89,71,69,75,1,2,1,5,2,C
21,1,0,2,1,6,1,5,3,63,4,7.56,67,53,69,4,5,5,5,5,B
18,0,0,3,2,8,1,4,4,86,2,9.15,92,72,53,5,4,4,3,5,C
15,1,0,2,1,0,1,4,2,64,5,7.14,70,81,62,1,3,2,1,2,B
18,0,1,3,3,1,1,5,4,65,2,7.11,47,46,87,1,1,2,5,4,B
18,1,2,1,2,5,0,5,4,72,1,6.27,47,57,67,1,3,1,2,1,A
17,1,3,3,2,5,0,1,3,82,4,9.09,99,51,97,4,3,2,4,3,C
19,1,3,2,2,1,0,1,4,84,2,9.93,73,41,46,3,4,2,1,3,A
16,0,1,3,2,8,1,5,1,63,1,6.28,62,89,81,1,1,1,3,1,B
15,0,3,1,1,3,1,3,5,91,3,5.28,49,68,49,5,2,1,4,1,B
20,1,1,3,2,6,1,3,5,74,2,9.08,76,60,43,5,5,1,4,5,B
19,0,1,2,2,5,1,1,3,85,4,8.1,87,46,83,2,3,4,2,1,B
19,0,3,1,1,2,0,2,5,70,2,9.8,64,91,77,3,4,1,1,2,B
15,0,0,2,2,7,1,5,1,68,2,6.26,90,66,52,3,4,1,4,5,A
19,1,2,3,1,6,1,4,3,70,1,5.36,72,51,60,4,5,1,1,4,B
17,0,3,4,1,8,0,3,2,61,5,7.46,84,59,72,2,5,5,2,5,C
19,1,3,2,2,2,0,2,5,86,5,5.43,43,96,79,4,1,5,3,5,B
17,1,3,3,3,0,1,3,4,85,2,6.31,46,53,67,2,3,4,4,3,A
16,1,3,4,2,1,1,2,1,67,4,5.63,72,49,62,3,3,4,4,1,B
16,0,1,4,3,0,0,5,1,80,4,6.12,41,80,71,4,5,2,4,2,A
18,1,1,1,1,4,1,5,5,80,1,5.53,87,62,87,2,2,5,1,1,A
17,0,2,4,3,9,0,5,2,67,2,9.77,85,69,44,3,3,4,4,3,B
20,0,2,2,2,1,0,1,4,60,2,6.39,71,86,97,3,4,4,1,1,B
16,1,3,2,2,2,1,2,2,97,5,7.22,44,97,65,1,5,2,5,2,A
19,1,3,4,3,7,0,4,2,72,1,9.49,96,70,78,4,3,1,5,1,B
15,1,3,3,2,9,1,4,5,68,3,8.39,85,91,65,1,1,3,1,3,C
15,0,2,2,3,4,1,5,4,87,4,8.09,56,95,42,3,5,2,5,2,C
21,0,3,2,1,3,1,4,5,65,4,8.53,51,49,63,4,4,3,2,1,C
17,1,0,1,3,4,1,3,5,82,2,9.14,91,58,92,4,1,2,2,3,A
20,1,2,3,3,9,0,2,1,95,1,9.39,51,58,73,5,5,2,5,3,A
18,0,0,4,3,5,1,2,5,76,3,8.21,74,83,73,2,5,1,3,5,C
19,0,3,3,3,6,1,2,3,68,4,9.45,60,62,59,5,3,4,1,2,A
17,1,1,1,1,8,0,3,4,71,1,7.68,60,98,94,5,1,5,5,2,A
21,0,0,1,1,0,1,1,1,81,3,6.39,97,83,69,3,5,2,1,1,B
15,0,2,3,1,3,1,3,4,71,2,9.4,41,80,81,2,4,1,5,5,A
17,0,0,1,3,8,1,2,1,65,5,7.71,92,98,59,5,1,3,2,2,C
19,0,2,1,1,4,1,2,3,68,4,9.53,96,71,80,5,3,4,3,3,C
20,0,3,1,2,7,0,2,5,96,4,5.2,60,59,57,4,2,2,1,2,C
20,0,0,3,1,0,0,4,1,62,3,6.99,54,43,77,3,5,3,3,5,C
16,1,1,1,3,3,1,1,1,93,5,9.74,50,72,59,5,2,2,2,4,A
19,0,0,4,2,8,0,3,1,67,1,6.25,49,87,45,2,5,5,4,3,C
21,1,1,4,3,0,0,2,3,69,2,9.71,57,40,97,1,3,5,4,2,B
16,1,2,2,2,0,0,5,4,68,1,9.77,62,52,96,1,3,4,1,3,B
16,0,3,4,3,3,0,1,3,73,3,9.41,70,42,81,3,3,3,2,1,A
16,1,3,2,3,2,1,5,1,96,4,7.82,93,51,99,1,3,5,1,3,C
17,1,1,3,2,6,0,1,1,86,4,8.23,94,68,64,4,1,1,1,2,C
21,1,2,1,1,2,1,2,5,91,1,9.35,95,94,80,4,1,4,1,1,A
15,0,3,4,2,0,1,1,3,63,2,8.88,65,70,80,2,5,2,3,1,A
20,1,2,2,2,9,0,1,3,61,3,8.15,92,80,42,3,1,3,5,1,A
17,0,1,3,2,1,1,2,2,92,2,9.91,41,75,83,3,5,3,2,4,B
15,1,1,2,2,9,0,5,4,80,3,8.43,78,41,82,1,1,1,3,4,A
20,1,0,1,2,3,1,5,2,60,2,9.88,46,61,85,5,1,5,5,1,C
21,1,3,4,3,0,1,4,2,70,1,5.29,63,61,96,5,1,3,1,2,B
21,1,3,3,3,0,0,5,4,60,5,5.69,78,80,58,5,4,1,4,1,B
19,0,0,2,1,7,1,5,5,70,3,7.26,71,70,49,2,3,1,3,1,C
20,1,1,3,1,6,0,1,5,66,1,6.92,65,91,90,3,4,2,2,3,B
20,1,1,2,2,7,1,4,4,61,4,8.91,62,95,44,1,1,1,2,3,B
21,0,1,2,1,3,1,2,4,74,4,5.8,53,84,61,2,1,4,5,3,C
20,0,1,1,1,5,0,2,3,67,2,9.88,68,53,48,4,4,3,3,5,C
18,0,2,1,2,2,0,3,3,85,4,6.58,64,68,72,4,5,4,1,3,A
19,1,3,2,3,7,0,4,3,99,5,7.14,95,74,54,4,3,1,5,3,A
17,0,3,4,3,3,1,1,3,94,3,6.37,70,89,63,3,5,1,2,2,A
17,0,1,3,1,2,0,3,1,80,2,7.9,41,48,69,4,3,4,3,4,B
15,0,1,3,3,3,0,3,1,97,3,5.29,41,86,75,5,2,2,4,4,A
17,0,1,1,3,5,0,2,5,67,3,5.75,62,93,97,4,3,1,1,4,B
16,0,3,4,1,6,0,5,1,91,1,8.73,97,71,78,2,5,4,2,5,C
20,0,3,2,2,6,1,1,1,67,4,5.93,86,98,45,4,3,4,3,1,A
17,1,1,1,1,3,1,4,3,69,3,6.18,50,95,54,5,2,3,4,3,B
15,0,2,2,1,7,1,3,3,82,5,8.96,68,66,77,4,2,2,2,2,B
15,1,0,2,1,6,1,1,4,63,5,5.47,81,49,78,1,1,5,4,5,B
16,0,0,1,2,1,1,2,3,97,4,7.19,74,64,91,5,2,4,2,4,B
15,0,0,4,2,7,1,3,4,89,4,5.12,88,88,61,3,4,3,5,5,C
21,0,3,3,2,8,0,3,4,82,2,6.73,48,84,42,4,5,5,5,2,A
18,1,3,1,2,4,1,2,1,64,2,8.49,71,72,92,2,4,3,5,5,A
21,0,0,4,1,3,0,2,3,80,2,5.45,69,50,68,4,4,3,3,4,B
20,0,0,2,3,3,0,2,1,65,4,9.44,54,76,68,2,5,2,5,1,B
20,0,2,1,1,3,0,1,3,76,3,9.55,53,48,70,1,4,1,3,4,A
20,0,3,3,2,5,0,1,1,84,1,5.52,90,46,84,3,4,2,1,4,A
19,1,3,3,3,3,1,1,1,83,2,9.95,56,46,41,5,4,5,5,4,B
17,1,0,2,1,6,1,5,1,81,1,6.49,61,73,74,5,2,2,3,5,B
18,1,2,1,3,6,1,3,5,72,5,5.42,91,58,84,3,5,1,2,2,C
17,1,2,3,2,4,0,1,1,76,4,5.03,69,59,48,1,5,2,3,4,B
18,1,0,1,3,4,1,5,2,73,5,7.04,56,89,61,1,5,2,3,5,A
17,0,0,3,3,9,1,3,2,93,2,8.15,55,81,58,4,4,2,2,2,B
16,0,3,2,2,7,1,1,2,85,3,6.66,91,64,89,1,2,4,3,1,A
21,0,0,2,3,6,1,2,4,78,2,9.18,47,44,76,4,5,4,2,4,B
15,1,1,1,1,6,1,4,1,85,1,8.58,98,87,49,2,3,2,4,3,B
15,0,2,4,3,5,1,1,2,62,2,6.75,78,68,85,3,5,1,5,5,B
21,1,0,4,1,6,0,4,4,61,3,8.67,70,94,60,2,1,1,1,1,C
16,0,1,2,3,6,0,1,2,87,3,9.7,51,66,56,2,3,1,3,1,A
18,1,2,3,3,9,1,2,3,61,4,5.47,72,64,42,2,5,1,2,1,C
21,0,1,4,2,1,0,4,5,81,4,6.53,97,76,46,2,4,3,5,5,C
19,0,1,2,2,9,0,5,1,66,3,7.32,51,54,80,5,5,2,3,2,B
18,0,0,3,1,1,1,2,5,63,3,7.49,64,93,76,1,2,2,5,3,A
15,0,2,3,2,9,0,4,5,97,1,7.71,77,87,75,3,2,3,4,2,A
19,1,1,4,2,6,1,4,3,98,2,6.5,87,43,42,3,5,1,3,4,B
17,0,3,2,2,9,0,2,3,79,4,8.34,57,53,97,2,4,5,2,3,B
19,0,2,3,2,6,1,2,3,65,1,8.23,58,95,52,3,4,5,4,2,A
18,0,3,3,2,6,0,2,4,68,2,7.89,94,88,80,4,4,3,3,4,C
16,1,0,1,1,4,0,3,2,90,4,5.57,42,56,69,3,5,5,5,3,A
17,0,3,1,1,0,0,5,1,85,1,7.38,74,60,62,2,5,4,4,5,A
18,0,2,4,2,1,0,1,3,95,5,6.78,44,55,99,3,1,2,2,4,A
17,0,1,1,2,8,1,4,1,85,5,7.46,74,65,46,1,2,5,3,2,A
19,0,1,2,1,7,0,1,1,87,4,9.61,90,48,69,2,3,4,5,3,C
15,0,2,4,3,7,1,2,1,64,1,7.4,66,41,68,5,3,2,5,4,B
18,1,1,4,1,9,1,5,3,69,2,5.07,76,82,47,1,2,4,4,4,A
16,1,3,1,3,0,0,5,3,77,2,7.19,85,54,49,3,1,2,3,5,C
21,1,1,3,2,5,0,3,2,74,1,9.1,60,74,72,5,2,2,5,4,C
19,0,1,2,2,8,1,2,3,92,5,8.9,55,63,98,1,1,5,4,3,C
18,1,3,2,1,7,0,4,3,64,1,7.57,67,87,59,4,1,3,1,1,C
16,0,3,2,2,2,1,3,1,96,5,6.25,64,92,68,1,4,5,5,3,B
18,0,3,4,3,3,0,2,2,99,5,7.33,72,90,68,5,2,1,4,3,B
19,0,0,2,3,2,1,3,5,81,2,7.82,56,93,92,4,3,4,1,5,B
18,0,3,3,1,5,0,1,3,81,4,10.0,82,77,60,3,5,1,4,5,A
17,1,3,3,3,8,0,2,3,81,3,8.22,69,53,40,2,5,2,5,4,B
19,1,0,1,1,7,1,4,5,74,1,8.47,80,76,90,3,2,5,1,5,C
18,1,1,2,1,9,1,4,1,76,5,7.46,92,76,73,2,5,1,4,4,B
21,0,3,4,3,3,1,2,2,87,1,6.77,43,45,83,2,1,1,3,1,C
15,1,2,1,3,1,0,3,1,81,4,9.06,41,57,94,5,5,1,1,2,B
18,1,3,3,3,7,0,5,4,80,4,7.47,99,61,71,4,1,2,4,5,B
17,0,3,2,3,7,0,2,3,76,3,9.97,48,57,84,4,1,2,3,5,B
16,1,0,3,3,5,0,4,4,64,3,7.29,93,90,53,1,3,2,1,1,B
21,0,2,1,3,7,1,1,3,77,5,5.34,70,41,76,3,5,1,4,5,B
16,1,1,3,3,8,1,4,4,76,3,8.41,64,71,74,5,3,4,5,1,A
21,1,1,2,2,0,0,5,5,63,5,5.23,76,56,98,3,5,5,1,4,A
16,1,2,2,1,8,0,4,3,66,2,6.25,75,99,63,1,1,5,1,5,C
15,0,3,1,1,1,0,5,3,84,5,6.77,94,40,88,1,5,2,3,5,A
17,1,0,2,3,0,1,2,4,96,3,8.7,44,48,40,5,3,1,4,4,B
19,1,2,3,1,7,1,4,2,99,1,7.47,63,52,85,1,4,4,5,5,B
16,1,2,3,3,7,0,3,4,99,3,5.14,63,75,45,5,3,3,3,3,B
21,1,1,4,2,3,1,3,3,68,4,8.08,68,76,88,1,4,2,1,1,C
17,0,0,4,1,7,0,4,3,78,3,7.06,89,97,43,4,2,3,3,2,C
18,0,2,4,1,6,0,4,2,68,2,9.61,84,69,77,5,3,5,3,3,C
15,1,0,3,2,1,1,1,1,82,5,7.5,70,70,40,4,5,5,3,2,B
17,1,3,3,2,4,1,4,2,90,4,8.54,76,62,80,4,4,4,1,3,B
17,1,1,1,2,9,1,1,1,91,5,6.09,97,89,70,5,5,4,2,3,C
19,0,3,4,1,3,1,1,3,90,5,8.8,95,67,75,3,4,3,3,3,C
17,1,0,3,1,2,0,1,5,76,3,8.6,58,98,48,2,3,5,2,1,C
19,1,3,1,2,0,1,1,5,98,1,9.52,62,49,80,1,3,4,5,2,C
15,0,1,3,2,4,1,2,4,81,4,5.17,74,64,93,1,5,4,5,4,A
15,0,0,1,2,9,1,3,2,94,2,7.24,93,99,84,3,3,5,5,4,A
18,0,2,4,2,7,1,1,2,89,2,8.4,89,75,62,2,5,5,4,5,C
19,1,3,4,2,8,0,3,5,99,1,5.48,45,65,70,3,1,1,1,1,C
19,0,1,4,3,6,0,1,1,96,1,7.05,45,65,68,2,4,4,2,1,C
16,0,2,3,2,0,1,3,2,85,3,9.71,95,84,88,5,5,3,4,1,A
16,1,1,3,3,0,1,4,1,65,2,7.18,76,52,60,5,4,2,2,3,B
18,0,0,1,1,0,0,4,1,93,4,9.93,69,56,42,4,1,2,1,1,B
15,1,0,2,1,1,0,3,1,91,1,5.28,40,79,97,4,4,5,3,4,B
20,1,3,2,3,0,1,1,1,84,1,8.59,47,43,65,5,5,3,4,1,B
16,0,1,4,2,3,0,2,4,72,1,7.91,67,62,45,4,3,1,1,3,C
17,1,1,2,1,9,0,3,4,97,4,7.5,64,74,59,5,4,4,4,2,A
15,0,1,4,2,8,0,5,5,97,2,9.85,72,50,86,3,4,1,5,1,B
20,0,0,1,2,3,0,2,4,61,4,5.65,92,51,85,1,1,3,4,2,B
17,0,3,2,3,3,1,5,2,64,4,9.48,99,48,52,5,2,1,3,5,B
21,1,1,2,1,6,0,3,4,70,3,8.46,77,54,80,5,3,5,3,3,B
19,0,1,4,1,8,0,1,2,70,1,6.29,91,84,62,5,5,2,2,1,C
15,1,2,1,3,6,1,5,2,83,2,9.51,53,76,54,4,1,5,4,5,A
21,1,1,2,2,0,1,3,1,73,3,7.15,50,44,85,4,5,4,5,5,A
18,1,3,2,2,0,1,2,5,89,3,9.07,41,58,70,4,5,5,3,2,C
19,0,2,2,1,3,0,1,1,99,5,6.94,92,50,43,4,4,3,2,4,B
19,1,2,1,3,3,1,5,1,94,1,9.25,69,48,50,3,1,3,5,4,A
17,1,2,1,3,0,0,3,4,80,2,8.18,69,74,93,5,1,4,5,4,B
21,0,0,2,2,5,1,1,4,64,2,5.71,43,89,41,3,3,4,5,4,B
19,0,2,4,2,9,0,1,2,97,2,8.25,52,66,55,4,2,2,1,3,A
16,1,1,4,3,1,1,4,4,61,1,5.96,46,52,90,3,5,1,3,1,A
15,1,0,2,1,4,1,1,4,99,2,7.06,77,96,70,5,3,2,1,1,C
16,0,0,1,2,7,0,3,3,96,4,5.85,42,99,87,5,3,5,1,3,B
17,1,0,2,3,2,1,2,2,93,4,5.11,48,51,98,4,5,1,3,2,A
20,1,0,1,3,8,1,4,2,70,1,6.06,53,48,78,5,4,4,4,1,A
17,1,0,2,3,6,1,3,3,95,2,7.68,91,81,82,3,4,3,2,5,B
15,1,0,1,1,8,1,3,2,70,5,7.41,50,67,83,2,5,5,3,1,A
19,0,0,3,2,0,1,3,5,68,5,7.51,76,52,43,5,1,2,2,3,C
21,1,2,4,2,4,0,5,5,65,5,6.24,53,59,87,3,2,4,4,2,B
21,0,3,3,2,2,0,5,3,93,4,8.43,58,91,67,3,4,1,3,1,B
18,1,1,4,1,3,1,2,4,96,5,8.52,47,52,97,3,2,1,5,3,C
17,0,1,1,2,3,1,3,5,91,2,6.79,98,66,55,5,3,3,3,5,B
15,1,2,3,2,6,0,5,3,71,2,9.41,46,65,78,2,3,4,4,4,A
18,0,2,4,2,9,0,5,5,91,5,8.22,98,68,64,4,5,4,1,5,B
19,1,0,2,2,7,1,5,1,76,3,8.57,98,68,52,4,5,5,3,5,B
20,0,3,1,1,9,0,2,3,63,5,6.39,46,61,44,5,5,5,5,2,B
17,1,0,1,3,4,1,2,2,92,3,5.0,95,48,69,5,4,1,3,1,B
20,1,2,2,3,9,1,3,5,68,1,9.33,94,63,40,1,2,2,1,4,B
15,0,0,2,2,6,1,4,2,93,1,9.11,42,81,44,2,3,1,3,3,A
20,0,1,4,2,2,1,3,3,98,2,5.62,42,58,93,3,2,5,5,4,C
20,0,1,1,2,2,0,5,5,89,4,6.87,57,77,53,3,4,5,4,1,B
15,0,0,4,1,2,0,5,2,79,2,8.31,84,70,50,4,2,5,5,2,B
15,0,3,2,2,3,0,1,4,98,2,8.26,72,78,73,5,2,1,4,1,B
17,1,0,1,1,5,1,3,4,82,4,9.3,76,54,95,2,5,4,5,3,B
20,0,0,2,2,4,0,5,1,94,2,5.7,67,93,68,4,2,2,2,4,A
18,0,3,4,2,7,1,5,3,82,4,7.15,75,71,57,2,2,2,3,5,A
15,1,3,4,3,4,1,4,2,98,2,5.49,55,90,54,5,2,5,3,1,A
19,0,3,4,2,4,0,1,1,82,1,6.95,54,85,85,3,1,3,1,2,B
20,0,1,1,1,9,1,3,3,96,3,5.08,68,87,64,1,3,1,2,2,B
15,0,0,2,3,1,1,2,4,82,2,9.49,98,85,69,2,3,4,1,4,C
18,1,2,2,1,4,1,3,2,98,3,7.64,57,68,84,3,2,5,3,5,B
21,0,3,4,3,6,0,3,5,87,5,9.25,88,96,41,2,5,3,1,3,C
17,1,3,4,1,1,1,4,4,78,2,5.3,85,91,90,2,5,5,4,5,C
20,1,0,4,3,5,0,3,5,89,1,6.14,85,73,79,2,5,3,2,4,C
21,0,2,4,1,6,1,4,5,80,4,6.3,58,48,66,5,3,2,5,5,C
15,1,0,3,1,4,0,4,2,83,1,6.93,68,74,93,4,4,3,4,4,B
15,0,0,3,2,8,1,5,2,80,3,9.01,45,45,88,2,2,2,5,5,B
19,0,3,3,3,3,0,2,5,85,4,6.93,84,76,54,5,3,2,1,1,A
19,0,3,4,3,9,0,4,1,95,1,6.02,89,53,71,1,5,1,3,2,C
20,0,1,4,2,0,1,1,5,85,1,5.32,97,86,59,4,3,3,4,4,B
21,0,2,2,1,7,1,1,5,92,1,5.4,86,89,92,5,3,4,2,4,B
21,1,2,1,1,7,1,2,2,95,4,8.8,94,88,53,1,3,4,5,2,B
15,1,3,2,3,6,1,4,3,63,1,7.22,66,48,66,4,5,3,4,3,B
20,1,3,3,1,7,0,2,4,68,1,8.63,46,58,42,5,4,1,3,4,B
15,1,3,2,3,1,1,5,2,67,3,8.41,66,62,88,1,1,4,2,1,B
19,0,2,4,3,2,0,1,1,61,1,5.68,58,96,42,5,2,5,2,5,C
18,0,1,3,1,8,1,3,4,88,1,5.71,56,80,52,1,2,4,5,1,C
16,1,2,3,1,0,0,1,2,82,5,8.78,80,67,64,2,3,1,4,4,C
16,0,3,1,1,7,0,4,2,65,4,8.61,50,55,57,2,4,2,4,3,C
15,1,3,1,2,7,0,2,3,95,5,6.89,44,65,40,4,5,2,2,4,A
21,1,1,3,3,6,1,1,1,80,3,5.39,41,77,78,1,1,2,1,3,C
19,1,0,3,1,4,1,3,1,81,5,5.06,86,79,94,2,1,1,2,2,A
17,1,0,2,2,3,0,3,2,68,2,6.44,95,64,44,4,3,2,3,5,C
17,0,2,3,1,9,0,2,3,93,4,5.05,51,74,41,3,3,2,4,1,A
16,0,0,4,3,9,0,2,2,85,1,6.15,81,93,69,2,5,1,5,3,B
18,1,0,2,2,9,0,1,5,60,5,7.1,81,44,56,2,5,5,4,1,C
16,1,2,4,3,9,0,4,5,95,5,5.61,91,46,68,5,5,4,2,2,B
15,1,3,4,1,5,1,5,3,64,1,5.52,50,62,92,3,3,1,3,4,B
18,1,0,4,1,0,0,3,2,81,1,9.48,49,64,81,1,4,1,1,3,B
17,1,3,3,1,4,1,2,3,63,3,7.93,67,40,43,4,3,3,4,5,B
21,0,2,1,2,3,1,5,2,61,5,9.67,46,61,48,3,3,2,2,3,A
19,1,3,1,2,3,1,5,2,75,5,6.73,53,92,60,1,1,5,2,4,B
19,1,3,4,2,6,0,5,5,75,2,8.39,52,43,82,2,5,3,2,4,A
15,0,2,3,2,8,0,4,4,81,2,6.02,44,97,97,4,2,5,3,5,B
16,0,3,2,1,7,0,2,1,60,5,8.09,90,67,51,4,5,2,2,5,A
15,0,0,4,1,7,0,3,1,74,2,5.65,81,87,51,3,4,2,2,2,B
19,0,0,2,1,4,1,2,3,83,5,5.01,47,98,89,5,4,2,2,1,B
17,0,0,2,2,5,1,1,1,63,4,9.66,89,53,43,1,5,4,4,3,B
19,0,0,3,2,1,1,3,5,77,3,7.77,40,72,67,3,5,5,2,2,B
18,0,3,3,1,2,0,2,4,76,2,9.63,44,43,48,5,3,5,3,1,B
21,0,0,1,1,4,0,3,2,66,5,6.67,50,81,79,5,2,3,4,2,C
21,0,3,1,2,1,0,1,2,69,2,6.64,91,50,90,5,3,1,2,5,C
20,1,1,3,3,2,0,3,5,60,3,7.0,82,78,95,4,1,2,1,5,C
19,0,3,4,1,3,0,5,1,61,4,8.53,87,71,71,1,1,2,3,4,B
19,1,0,1,1,5,0,4,2,81,1,7.83,49,43,52,1,4,3,1,3,B
21,1,1,2,1,4,1,1,1,91,1,9.63,54,40,73,3,4,5,3,3,A
20,1,2,4,2,9,1,3,5,88,2,5.13,78,65,58,2,2,4,1,3,B
18,1,3,2,1,3,0,1,2,94,5,8.54,86,72,53,3,4,5,2,2,C
16,1,0,3,1,1,1,5,3,76,3,6.65,68,56,44,1,1,4,1,2,B
19,1,0,2,1,4,1,4,4,71,4,5.9,64,66,66,4,2,4,1,3,B
21,1,0,4,1,4,1,1,1,83,4,7.55,87,81,67,3,1,5,3,4,A
15,1,2,3,1,6,1,5,1,89,4,7.53,45,44,65,2,5,2,2,1,A
19,0,1,4,3,0,0,5,1,89,1,5.69,50,46,49,3,5,4,3,2,A
15,1,1,2,3,3,1,5,1,79,3,6.01,56,64,63,5,2,3,2,3,B
18,1,0,4,1,4,0,3,5,66,1,7.04,54,47,56,2,3,3,5,5,B
19,1,3,3,1,7,0,2,5,97,2,7.04,55,73,91,5,4,4,4,2,B
21,1,0,2,1,7,1,1,5,66,4,6.59,95,80,55,4,2,2,4,1,B
18,0,0,2,1,0,0,2,5,89,3,5.74,41,43,56,1,4,4,3,2,C
18,1,3,1,2,4,1,5,2,71,4,5.02,75,51,40,3,1,3,2,1,C
16,0,0,1,2,9,0,2,5,90,1,9.85,58,97,99,3,3,3,1,1,C
19,0,2,4,2,0,0,5,2,77,1,9.72,77,70,60,5,4,5,4,2,B
15,1,0,1,3,0,1,5,3,61,1,7.42,89,50,93,5,5,2,3,1,B
15,1,2,1,1,1,1,4,5,92,4,9.98,60,76,86,1,5,5,3,2,C
19,0,0,1,2,1,0,4,3,70,3,8.37,50,83,88,3,1,1,3,2,A
20,1,1,1,1,8,1,2,5,93,3,5.34,80,98,82,1,2,4,2,4,A
16,1,3,3,1,3,0,1,3,75,2,5.59,42,92,61,5,4,5,3,5,B
16,0,1,3,3,2,1,2,4,94,4,9.58,73,75,44,5,1,2,5,1,B
16,0,0,1,3,0,0,1,3,92,2,8.15,57,84,75,2,5,4,1,2,A
15,1,0,4,2,1,0,2,2,80,2,9.22,54,61,97,5,5,4,3,1,C
18,1,2,3,2,5,0,3,1,79,2,9.49,64,40,60,5,5,4,2,2,B
21,1,0,1,3,8,0,3,3,67,2,7.24,93,89,95,1,3,4,1,2,B
20,0,0,3,3,4,0,1,1,85,1,5.24,89,43,48,2,3,4,1,2,B
16,1,0,2,1,3,1,4,4,92,2,5.94,90,75,66,2,5,2,4,5,B
15,0,1,3,1,4,0,1,4,85,3,5.33,54,47,87,3,2,1,3,1,A
15,0,2,3,2,8,1,2,2,96,2,5.94,69,64,51,4,3,3,3,5,A
18,1,1,4,2,6,1,5,2,89,1,7.05,56,67,57,3,4,1,2,5,A
19,0,2,3,3,7,0,3,3,90,5,5.59,57,91,93,3,3,3,5,5,C
19,1,1,4,2,3,0,5,5,92,5,5.83,70,77,74,3,4,5,5,5,B
21,1,0,2,1,7,1,3,4,70,5,7.23,89,75,54,2,3,4,4,4,B
21,0,1,1,3,5,0,2,1,64,4,6.7,82,75,89,1,5,5,5,1,B
16,1,1,4,1,4,0,3,5,61,3,7.34,57,99,83,5,4,5,2,1,B
21,0,2,3,3,6,1,1,4,72,1,7.15,94,82,69,2,2,3,4,2,B
16,0,2,3,3,5,1,5,3,77,5,8.22,74,99,84,5,3,2,3,1,A
20,1,1,4,1,2,1,5,4,85,1,9.69,52,80,72,5,3,4,5,5,C
21,1,2,2,2,4,1,2,2,84,1,5.54,53,85,75,4,5,5,2,3,B
18,1,2,1,2,8,1,5,1,73,4,5.5,98,43,79,3,4,1,2,1,B
16,1,2,3,2,6,1,2,1,64,5,9.26,75,52,90,4,5,4,3,3,B
18,0,3,2,2,3,0,4,2,61,2,7.53,57,77,92,3,4,2,2,4,C
15,0,2,1,1,6,1,1,5,63,1,8.83,44,84,69,2,3,4,4,2,B
16,0,3,1,3,4,1,3,2,71,5,6.08,53,64,65,5,3,5,4,2,A
15,1,3,3,1,1,0,3,1,70,1,9.14,64,42,60,4,3,1,1,2,C
17,0,2,4,2,5,0,3,3,63,4,9.62,83,94,76,2,3,5,3,4,B
18,0,1,3,2,6,0,4,5,68,4,8.18,96,71,82,2,1,2,2,5,A
17,1,2,3,1,7,0,1,4,69,2,5.53,78,78,96,3,3,3,5,3,A
16,1,0,3,3,5,0,5,3,86,4,9.48,51,40,70,5,3,1,4,1,C
15,1,1,2,1,7,0,5,5,65,5,8.96,79,50,95,3,4,2,3,5,C
16,0,3,4,1,6,1,1,1,74,4,8.75,92,41,95,3,3,2,3,2,C
17,1,3,2,1,1,0,1,1,90,2,5.18,92,44,56,2,3,5,4,2,C
16,0,1,3,3,5,0,3,3,81,3,8.99,67,95,56,3,4,5,1,5,B
20,0,1,4,1,8,0,5,5,65,1,5.69,74,61,73,1,3,5,3,3,B
19,0,2,1,1,5,0,1,4,92,1,6.11,93,85,63,5,3,3,2,5,B
17,0,3,4,2,3,1,5,4,88,5,7.89,40,52,97,3,5,4,5,4,C
16,0,0,3,1,6,0,1,2,80,2,6.32,42,87,72,3,1,4,5,2,B
15,1,2,4,2,2,0,2,3,89,2,8.31,82,62,43,4,4,5,4,3,C
16,0,1,1,2,4,1,3,5,80,2,8.04,89,86,48,5,5,5,3,1,A
15,1,3,1,2,0,1,1,3,95,1,5.54,46,70,41,5,2,3,5,2,C
19,0,1,4,3,9,1,4,4,81,4,8.28,48,74,74,3,2,4,3,5,B
16,0,1,1,2,2,0,1,5,79,1,9.62,75,77,98,1,1,3,4,3,C
21,1,1,2,1,7,1,2,1,81,1,5.81,62,80,77,4,2,2,1,2,A
21,0,2,4,1,8,1,4,1,99,1,7.99,63,74,84,1,1,4,5,1,A
19,0,0,1,2,8,1,4,5,70,4,6.71,49,84,54,3,2,5,2,1,A
17,1,0,1,2,9,0,1,3,90,3,7.3,89,52,82,5,2,1,4,5,B
15,1,3,4,1,1,0,2,3,99,5,6.44,94,93,81,5,5,2,1,4,B
21,0,1,2,2,3,1,4,1,72,3,6.77,87,46,42,1,2,1,2,5,C
20,0,0,4,3,4,0,3,1,77,3,5.14,51,44,70,2,1,3,2,3,B
17,0,1,1,2,2,0,3,4,81,1,9.91,58,97,91,3,3,3,5,5,A
15,1,3,4,3,0,0,5,5,76,3,8.12,71,68,80,5,3,3,3,3,A
19,0,1,1,3,5,0,5,3,97,1,7.5,63,47,96,2,3,5,4,4,A
21,1,0,3,3,9,0,2,4,84,1,6.92,61,47,81,5,1,3,2,5,C
18,1,1,4,2,1,1,4,3,91,5,7.7,42,93,92,5,1,1,5,1,C
16,0,0,4,3,8,1,3,1,74,2,6.9,79,46,94,2,3,2,1,3,C
